
-- v7.0
-- 멤버 프로필 값 추가

-- v7.1
-- board 데이터 추가

DROP TABLE MEMBER CASCADE CONSTRAINTS;
DROP TABLE POINT CASCADE CONSTRAINTS;
DROP TABLE LOCATION CASCADE CONSTRAINTS;
DROP TABLE TAG CASCADE CONSTRAINTS;
DROP TABLE MENTOR CASCADE CONSTRAINTS;
DROP TABLE SPEC CASCADE CONSTRAINTS;
DROP TABLE MEMBER_LEVEL CASCADE CONSTRAINTS;
DROP TABLE BOARD CASCADE CONSTRAINTS;
DROP TABLE SANCTIONS CASCADE CONSTRAINTS;
DROP TABLE CAFEPRICE CASCADE CONSTRAINTS;
DROP TABLE CAFERESERVATION CASCADE CONSTRAINTS;
DROP TABLE STUDYCAFE CASCADE CONSTRAINTS;
DROP TABLE G_REPLY CASCADE CONSTRAINTS;
DROP TABLE GBOARD CASCADE CONSTRAINTS;
DROP TABLE GROMMING_MEMBER CASCADE CONSTRAINTS;
DROP TABLE G_CHECK CASCADE CONSTRAINTS;
DROP TABLE GROOMING_APPLICANT CASCADE CONSTRAINTS;
DROP TABLE GROOMING_CALENDAR CASCADE CONSTRAINTS;
DROP TABLE GTAG CASCADE CONSTRAINTS;
DROP TABLE GROOMING CASCADE CONSTRAINTS;
DROP TABLE REPLY CASCADE CONSTRAINTS;
DROP TABLE DECLARATION CASCADE CONSTRAINTS;
DROP TABLE BIMAGES CASCADE CONSTRAINTS;
DROP TABLE BCATEGORY CASCADE CONSTRAINTS;
DROP TABLE MEMBER_TAG CASCADE CONSTRAINTS;
DROP TABLE HASHTAG CASCADE CONSTRAINTS;
DROP TABLE MESSAGE CASCADE CONSTRAINTS;
DROP TABLE ALERT CASCADE CONSTRAINTS;
DROP TABLE SPEC_CATEGORY CASCADE CONSTRAINTS;
DROP TABLE CERTIFICATION CASCADE CONSTRAINTS;
DROP TABLE GROOMING_HEART CASCADE CONSTRAINTS;
DROP TABLE HELP_CATEGORY CASCADE CONSTRAINTS;
DROP TABLE HELP CASCADE CONSTRAINTS;
DROP VIEW CAFEINFO;
DROP VIEW RESERVATION;
DROP VIEW METO_MANAGE;
DROP VIEW MEMBER_MANAGE;
--DROP VIEW GROOMINGVIEW;

--------------------------------------------------------
-- DDL for Sequence IMAGE_SEQ
DROP SEQUENCE SEQ_MEMBER_NO;

CREATE SEQUENCE  SEQ_MEMBER_NO
MINVALUE 1 MAXVALUE 9999999999999999999999999999 INCREMENT BY 1 
START WITH 1000
CACHE 20 NOORDER  NOCYCLE ;

DROP SEQUENCE SEQ_ALERT_NO;

CREATE SEQUENCE  SEQ_ALERT_NO
MINVALUE 1 MAXVALUE 9999999999999999999999999999 INCREMENT BY 1 
START WITH 1000
CACHE 20 NOORDER  NOCYCLE ;

DROP SEQUENCE SEQ_B_CATEGORY_NO;

CREATE SEQUENCE  SEQ_B_CATEGORY_NO
MINVALUE 1 MAXVALUE 9999999999999999999999999999 INCREMENT BY 1 
START WITH 1000
CACHE 20 NOORDER  NOCYCLE ;

DROP SEQUENCE SEQ_IMG_NO;
 
CREATE SEQUENCE  SEQ_IMG_NO
MINVALUE 1 MAXVALUE 9999999999999999999999999999 INCREMENT BY 1 
START WITH 1000
CACHE 20 NOORDER  NOCYCLE ;

DROP SEQUENCE SEQ_BOARD_NO;
 
CREATE SEQUENCE  SEQ_BOARD_NO
MINVALUE 1 MAXVALUE 9999999999999999999999999999 INCREMENT BY 1 
START WITH 1000
CACHE 20 NOORDER  NOCYCLE ;

DROP SEQUENCE SEQ_C_PRICE_NO;
 
CREATE SEQUENCE  SEQ_C_PRICE_NO
MINVALUE 1 MAXVALUE 9999999999999999999999999999 INCREMENT BY 1 
START WITH 1000
CACHE 20 NOORDER  NOCYCLE ;

DROP SEQUENCE SEQ_C_RESER_NO;
 
CREATE SEQUENCE  SEQ_C_RESER_NO
MINVALUE 1 MAXVALUE 9999999999999999999999999999 INCREMENT BY 1 
START WITH 1000
CACHE 20 NOORDER  NOCYCLE ;

DROP SEQUENCE SEQ_DECLARATION_NO;
 
CREATE SEQUENCE  SEQ_DECLARATION_NO
MINVALUE 1 MAXVALUE 9999999999999999999999999999 INCREMENT BY 1 
START WITH 1000
CACHE 20 NOORDER  NOCYCLE ;

DROP SEQUENCE SEQ_G_CHECK_NO;
 
CREATE SEQUENCE  SEQ_G_CHECK_NO
MINVALUE 1 MAXVALUE 9999999999999999999999999999 INCREMENT BY 1 
START WITH 1000
CACHE 20 NOORDER  NOCYCLE ;

DROP SEQUENCE SEQ_G_REPLY_NO;
 
CREATE SEQUENCE  SEQ_G_REPLY_NO
MINVALUE 1 MAXVALUE 9999999999999999999999999999 INCREMENT BY 1 
START WITH 1000
CACHE 20 NOORDER  NOCYCLE ;

DROP SEQUENCE SEQ_G_BOARD_NO;
 
CREATE SEQUENCE  SEQ_G_BOARD_NO
MINVALUE 1 MAXVALUE 9999999999999999999999999999 INCREMENT BY 1 
START WITH 1000
CACHE 20 NOORDER  NOCYCLE ;
 
DROP SEQUENCE SEQ_G_MEMBER_NO;
 
CREATE SEQUENCE  SEQ_G_MEMBER_NO
MINVALUE 1 MAXVALUE 9999999999999999999999999999 INCREMENT BY 1 
START WITH 1000
CACHE 20 NOORDER  NOCYCLE ;

DROP SEQUENCE SEQ_GROOMING_NO;
 
CREATE SEQUENCE  SEQ_GROOMING_NO
MINVALUE 1 MAXVALUE 9999999999999999999999999999 INCREMENT BY 1 
START WITH 1000
CACHE 20 NOORDER  NOCYCLE ;
 
DROP SEQUENCE SEQ_GROOMING_APPLY_NO;
 
CREATE SEQUENCE  SEQ_GROOMING_APPLY_NO
MINVALUE 1 MAXVALUE 9999999999999999999999999999 INCREMENT BY 1 
START WITH 1000
CACHE 20 NOORDER  NOCYCLE ;
 
DROP SEQUENCE SEQ_G_CALENDAR_NO;
 
CREATE SEQUENCE  SEQ_G_CALENDAR_NO
MINVALUE 1 MAXVALUE 9999999999999999999999999999 INCREMENT BY 1 
START WITH 1000
CACHE 20 NOORDER  NOCYCLE ;
 
DROP SEQUENCE SEQ_TAG_NO;
 
CREATE SEQUENCE  SEQ_TAG_NO
MINVALUE 1 MAXVALUE 9999999999999999999999999999 INCREMENT BY 1 
START WITH 1000
CACHE 20 NOORDER  NOCYCLE ;
 
DROP SEQUENCE SEQ_LOCATION_NO;
 
CREATE SEQUENCE  SEQ_LOCATION_NO
MINVALUE 1 MAXVALUE 9999999999999999999999999999 INCREMENT BY 1 
START WITH 1000
CACHE 20 NOORDER  NOCYCLE ;
 
DROP SEQUENCE SEQ_MENTOR_NO;

CREATE SEQUENCE  SEQ_MENTOR_NO
MINVALUE 1 MAXVALUE 9999999999999999999999999999 INCREMENT BY 1 
START WITH 1000
CACHE 20 NOORDER  NOCYCLE ;
 
DROP SEQUENCE SEQ_MESSAGE_NO;

CREATE SEQUENCE  SEQ_MESSAGE_NO
MINVALUE 1 MAXVALUE 9999999999999999999999999999 INCREMENT BY 1 
START WITH 1000
CACHE 20 NOORDER  NOCYCLE ;
 
DROP SEQUENCE SEQ_POINT_NO;

CREATE SEQUENCE  SEQ_POINT_NO
MINVALUE 1 MAXVALUE 9999999999999999999999999999 INCREMENT BY 1 
START WITH 1000
CACHE 20 NOORDER  NOCYCLE ;
 
DROP SEQUENCE SEQ_REPLY_NO;

CREATE SEQUENCE  SEQ_REPLY_NO
MINVALUE 1 MAXVALUE 9999999999999999999999999999 INCREMENT BY 1 
START WITH 1000
CACHE 20 NOORDER  NOCYCLE ;
 
DROP SEQUENCE SEQ_SANCTIONS_NO;

CREATE SEQUENCE  SEQ_SANCTIONS_NO
MINVALUE 1 MAXVALUE 9999999999999999999999999999 INCREMENT BY 1 
START WITH 1000
CACHE 20 NOORDER  NOCYCLE ;
 
DROP SEQUENCE SEQ_SPEC_NO;

CREATE SEQUENCE  SEQ_SPEC_NO
MINVALUE 1 MAXVALUE 9999999999999999999999999999 INCREMENT BY 1 
START WITH 1000
CACHE 20 NOORDER  NOCYCLE ;
 
DROP SEQUENCE SEQ_SPEC_C_NO;

CREATE SEQUENCE  SEQ_SPEC_C_NO
MINVALUE 1 MAXVALUE 9999999999999999999999999999 INCREMENT BY 1 
START WITH 1000
CACHE 20 NOORDER  NOCYCLE ;
 
DROP SEQUENCE SEQ_CAFE_NO;

CREATE SEQUENCE  SEQ_CAFE_NO
MINVALUE 1 MAXVALUE 9999999999999999999999999999 INCREMENT BY 1 
START WITH 1000
CACHE 20 NOORDER  NOCYCLE ;

DROP SEQUENCE SEQ_CERTI_NO;

CREATE SEQUENCE  SEQ_CERTI_NO
MINVALUE 1 MAXVALUE 9999999999999999999999999999 INCREMENT BY 1 
START WITH 1000
CACHE 20 NOORDER  NOCYCLE ;

DROP SEQUENCE SEQ_G_HEART_NO;

CREATE SEQUENCE SEQ_G_HEART_NO
MINVALUE 1 MAXVALUE 9999999999999999999999999999 INCREMENT BY 1 
START WITH 1000
CACHE 20 NOORDER  NOCYCLE ;

DROP SEQUENCE SEQ_HELP_NO;

CREATE SEQUENCE SEQ_HELP_NO
MINVALUE 1 MAXVALUE 9999999999999999999999999999 INCREMENT BY 1 
START WITH 1000
CACHE 20 NOORDER  NOCYCLE ;
 
--------------------------------------------------------

CREATE TABLE MEMBER_LEVEL (
	LVL_NO VARCHAR(255) CONSTRAINT PK_MEMBER_LEVEL PRIMARY KEY,
	LVL_RANK VARCHAR(255),
	LVL_MAX_EXP	VARCHAR(255)
);
COMMENT ON COLUMN MEMBER_LEVEL.LVL_NO IS '레벨번호(LVL00001)';
COMMENT ON COLUMN MEMBER_LEVEL.LVL_RANK IS '등급';
COMMENT ON COLUMN MEMBER_LEVEL.LVL_MAX_EXP IS '최대경험치';


CREATE TABLE MEMBER (
	MEMBER_NO VARCHAR2(100) CONSTRAINT PK_MEMBER PRIMARY KEY,
	MEMBER_EMAIL VARCHAR2(1000),
	MEMBER_PASSWORD	VARCHAR2(1000),
	MEMBER_NICKNAME	VARCHAR2(100),
	MEMBER_NAME	VARCHAR2(1000),
	MEMBER_GENDER VARCHAR2(2) CONSTRAINT CK_MEMBER_GENDER CHECK(MEMBER_GENDER IN('M', 'F')),
	MEMBER_PHONE VARCHAR2(100),
	LVL_NO VARCHAR2(100) DEFAULT 'LVL00001',
	MEMBER_EXP NUMBER,
	MEMBER_MEMO VARCHAR2(2000),
	MEMBER_PHOTO VARCHAR2(2000)	DEFAULT 'MEMBER_SAMPLE_IMG.JPG'	NOT NULL,
	MEMBER_ADMIN VARCHAR2(2) DEFAULT 'N' NOT NULL CONSTRAINT CK_MEMBER_ADMIN CHECK(MEMBER_ADMIN IN('Y', 'N')),
	MEMBER_STATUS VARCHAR2(2) DEFAULT 'N' NOT NULL CONSTRAINT CK_MEMBER_STATUS CHECK(MEMBER_STATUS IN('Y', 'N')),
	MEMBER_KAKAO VARCHAR2(2) DEFAULT 'N' CONSTRAINT CK_MEMBER_KAKAO CHECK(MEMBER_KAKAO IN('N', 'K')),
	MEMBER_JOIN_DATE DATE
);
COMMENT ON COLUMN MEMBER.MEMBER_NO IS '회원번호(M00001)';
COMMENT ON COLUMN MEMBER.MEMBER_EMAIL IS '이메일';
COMMENT ON COLUMN MEMBER.MEMBER_PASSWORD IS '비밀번호';
COMMENT ON COLUMN MEMBER.MEMBER_NICKNAME IS '닉네임';
COMMENT ON COLUMN MEMBER.MEMBER_NAME IS '이름';
COMMENT ON COLUMN MEMBER.MEMBER_GENDER IS '성별';
COMMENT ON COLUMN MEMBER.MEMBER_PHONE IS '휴대전화 번호';
COMMENT ON COLUMN MEMBER.LVL_NO IS '레벨번호(LVL00001)';
COMMENT ON COLUMN MEMBER.MEMBER_EXP IS '보유경험치';
COMMENT ON COLUMN MEMBER.MEMBER_MEMO IS '상태메시지';
COMMENT ON COLUMN MEMBER.MEMBER_PHOTO IS '프로필사진';
COMMENT ON COLUMN MEMBER.MEMBER_ADMIN IS '관리자:Y';
COMMENT ON COLUMN MEMBER.MEMBER_STATUS IS '탈퇴:Y 기본:N';
COMMENT ON COLUMN MEMBER.MEMBER_KAKAO IS '일반:N 카카오:K';
COMMENT ON COLUMN MEMBER.MEMBER_JOIN_DATE IS '가입날짜';

ALTER TABLE MEMBER ADD CONSTRAINT FK_MEMBER_LEVEL_TO_MEMBER FOREIGN KEY ( LVL_NO )
REFERENCES MEMBER_LEVEL ( LVL_NO );

CREATE TABLE CERTIFICATION (
	CERTI_NO VARCHAR2(100) CONSTRAINT PK_CERTIFICATION PRIMARY KEY,
	MEMBER_NO VARCHAR2(100) NOT NULL,
	CERTI_CODE VARCHAR2(100) NOT NULL,
	CERTI_C_DATE DATE DEFAULT SYSDATE NOT NULL,
	CERTI_MEMO VARCHAR2(2000)
);
COMMENT ON COLUMN CERTIFICATION.CERTI_NO IS '인증번호(CER00001)';
COMMENT ON COLUMN CERTIFICATION.MEMBER_NO IS '회원번호(M00001)';
COMMENT ON COLUMN CERTIFICATION.CERTI_CODE IS '인증코드';
COMMENT ON COLUMN CERTIFICATION.CERTI_C_DATE IS '생성시간';
COMMENT ON COLUMN CERTIFICATION.CERTI_MEMO IS '생성이유';

ALTER TABLE CERTIFICATION ADD CONSTRAINT FK_MEMBER_TO_CERTI FOREIGN KEY ( MEMBER_NO )
REFERENCES MEMBER ( MEMBER_NO );


CREATE TABLE POINT (
	POINT_NO VARCHAR2(100) CONSTRAINT PK_POINT PRIMARY KEY,
	MEMBER_NO VARCHAR2(100) NOT NULL,
	ADD_POINT NUMBER,
	SUB_POINT NUMBER,
	POINT_LIST VARCHAR2(2000) NOT NULL,
	POINT_DATE DATE DEFAULT SYSDATE NOT NULL
);
COMMENT ON COLUMN POINT.POINT_NO IS '포인트번호(P00001)';
COMMENT ON COLUMN POINT.MEMBER_NO IS '회원번호(M00001)';
COMMENT ON COLUMN POINT.ADD_POINT IS '충전포인트';
COMMENT ON COLUMN POINT.SUB_POINT IS '차감포인트';
COMMENT ON COLUMN POINT.POINT_LIST IS '사용내역';
COMMENT ON COLUMN POINT.POINT_DATE IS '사용일시';

ALTER TABLE POINT ADD CONSTRAINT FK_MEMBER_TO_POINT FOREIGN KEY ( MEMBER_NO )
REFERENCES MEMBER ( MEMBER_NO );


CREATE TABLE LOCATION (
	LOCATION_NO	VARCHAR2(100) CONSTRAINT PK_LOCATION PRIMARY KEY,
	LOCATION_NAME VARCHAR2(100) NOT NULL,
	MEMBER_NO VARCHAR2(100) NOT NULL
);
COMMENT ON COLUMN LOCATION.LOCATION_NO IS '선호번호(L00001)';
COMMENT ON COLUMN LOCATION.LOCATION_NAME IS '지역명(단위: 동,읍,면,리,가)까지';
COMMENT ON COLUMN LOCATION.MEMBER_NO IS '회원번호(M00001)';

ALTER TABLE LOCATION ADD CONSTRAINT FK_MEMBER_TO_LOCATION FOREIGN KEY ( MEMBER_NO )
REFERENCES MEMBER ( MEMBER_NO );


CREATE TABLE TAG (
	TAG_NO VARCHAR2(100) CONSTRAINT PK_TAG PRIMARY KEY,
	TAG_NAME VARCHAR2(100) NOT NULL,
	TAG_COUNT NUMBER DEFAULT 0 NOT NULL,
	TAG_DATE DATE DEFAULT SYSDATE NOT NULL
);
COMMENT ON COLUMN TAG.TAG_NO IS '태그번호(TAG00001)';
COMMENT ON COLUMN TAG.TAG_NAME IS '태그 이름';
COMMENT ON COLUMN TAG.TAG_COUNT IS '태그 카운트';
COMMENT ON COLUMN TAG.TAG_DATE IS '태그 업데이트 날짜';

CREATE TABLE MENTOR (
	MENTOR_NO VARCHAR2(100) CONSTRAINT PK_MENTOR PRIMARY KEY,
	MEMBER_NO VARCHAR2(100) NOT NULL,
	MENTOR_PASS	VARCHAR2(2)
);
COMMENT ON COLUMN MENTOR.MENTOR_NO IS '멘토번호(MTR00001)';
COMMENT ON COLUMN MENTOR.MEMBER_NO IS '회원번호(M00001)';
COMMENT ON COLUMN MENTOR.MENTOR_PASS IS '합격:Y / 불합격: N';

ALTER TABLE MENTOR ADD CONSTRAINT FK_MEMBER_TO_MENTOR FOREIGN KEY ( MEMBER_NO )
REFERENCES MEMBER ( MEMBER_NO );


CREATE TABLE SPEC_CATEGORY (
	SPEC_C_NO VARCHAR2(100) CONSTRAINT PK_SPEC_CATEGORY PRIMARY KEY,
	SPEC_C_NAME	VARCHAR2(2000) NOT NULL
);
COMMENT ON COLUMN SPEC_CATEGORY.SPEC_C_NO IS '스팩카테고리 번호(SC00001)';
COMMENT ON COLUMN SPEC_CATEGORY.SPEC_C_NAME IS '1.학교, 2.자격증, 3.경력';


CREATE TABLE SPEC (
	SPEC_NO VARCHAR2(100) CONSTRAINT PK_SPEC PRIMARY KEY,
	SPEC_C_NO VARCHAR2(100) NOT NULL,
	SPEC_NAME VARCHAR2(2000) NOT NULL,
	SPEC_FILENAME VARCHAR2(2000) NOT NULL,
	MEMBER_NO VARCHAR2(100) NOT NULL,
	SPEC_CONFIRM VARCHAR2(100) DEFAULT 'N' NOT NULL CONSTRAINT CK_SPEC_CONFIRM CHECK(SPEC_CONFIRM IN('Y', 'N'))
);
COMMENT ON COLUMN SPEC.SPEC_NO IS '스팩 번호(SPEC00001)';
COMMENT ON COLUMN SPEC.SPEC_C_NO IS '스팩카테고리 번호(SC00001)';
COMMENT ON COLUMN SPEC.SPEC_NAME IS '예)서울대학교';
COMMENT ON COLUMN SPEC.SPEC_FILENAME IS '파일명';
COMMENT ON COLUMN SPEC.MEMBER_NO IS '회원번호(M00001)';
COMMENT ON COLUMN SPEC.SPEC_CONFIRM IS '인증:Y 인증 전: N';

ALTER TABLE SPEC ADD CONSTRAINT FK_SPEC_CATEGORY_TO_SPEC FOREIGN KEY ( SPEC_C_NO )
REFERENCES SPEC_CATEGORY ( SPEC_C_NO );
ALTER TABLE SPEC ADD CONSTRAINT FK_MEMBER_TO_SPEC FOREIGN KEY ( MEMBER_NO )
REFERENCES MEMBER ( MEMBER_NO );


CREATE TABLE ALERT (
	ALERT_NO VARCHAR2(100) CONSTRAINT PK_ALERT PRIMARY KEY,
	MEMBER_NO VARCHAR2(100) NOT NULL,
	ALERT_CONTENT VARCHAR2(2000) NOT NULL,
	ALERT_CREATEDATE DATE DEFAULT SYSDATE NOT NULL,
	ALERT_CONFIRM VARCHAR2(2) DEFAULT 'N' NOT NULL CONSTRAINT CK_ALERT_CONFIRM CHECK(ALERT_CONFIRM IN('Y', 'N'))
);
COMMENT ON COLUMN ALERT.ALERT_NO IS '알림코드(ALE00001)';
COMMENT ON COLUMN ALERT.MEMBER_NO IS '회원번호(M00001)';
COMMENT ON COLUMN ALERT.ALERT_CONTENT IS '알림내용';
COMMENT ON COLUMN ALERT.ALERT_CREATEDATE IS '알림생성시간';
COMMENT ON COLUMN ALERT.ALERT_CONFIRM IS '확인: Y';

ALTER TABLE ALERT ADD CONSTRAINT FK_MEMBER_TO_ALERT FOREIGN KEY ( MEMBER_NO )
REFERENCES MEMBER ( MEMBER_NO );


CREATE TABLE MESSAGE (
	MESSAGE_NO VARCHAR2(100) CONSTRAINT PK_MESSAGE PRIMARY KEY,
	FROM_MEMBER_NO VARCHAR2(100) NOT NULL,
	TO_MEMBER_NO VARCHAR2(100) NOT NULL,
	MESSAGE_CONTENT	VARCHAR2(2000) NOT NULL,
	MESSAGE_DATE DATE DEFAULT SYSDATE NOT NULL,
	FROM_M_CONFIRM VARCHAR2(2)	DEFAULT 'N'	NOT NULL CONSTRAINT CK_FROM_M_CONFIRM CHECK(FROM_M_CONFIRM IN('Y', 'N')),
	TO_M_CONFIRM VARCHAR2(2) DEFAULT 'N' NOT NULL CONSTRAINT CK_TO_M_CONFIRM CHECK(TO_M_CONFIRM IN('Y', 'N'))
);
COMMENT ON COLUMN MESSAGE.MESSAGE_NO IS '메시지(MSG00001)';
COMMENT ON COLUMN MESSAGE.FROM_MEMBER_NO IS '보낸 회원번호(M00001)';
COMMENT ON COLUMN MESSAGE.TO_MEMBER_NO IS '받은 회원번호(M00001)';
COMMENT ON COLUMN MESSAGE.MESSAGE_CONTENT IS '메시지 내용';
COMMENT ON COLUMN MESSAGE.MESSAGE_DATE IS '메시지 전송 시간';
COMMENT ON COLUMN MESSAGE.FROM_M_CONFIRM IS '확인: Y';
COMMENT ON COLUMN MESSAGE.TO_M_CONFIRM IS '확인: Y';

ALTER TABLE MESSAGE ADD CONSTRAINT FK_MEMBER_TO_MESSAGE_FROM FOREIGN KEY ( FROM_MEMBER_NO )
REFERENCES MEMBER ( MEMBER_NO );
ALTER TABLE MESSAGE ADD CONSTRAINT FK_MEMBER_TO_MESSAGE_TO FOREIGN KEY ( TO_MEMBER_NO )
REFERENCES MEMBER ( MEMBER_NO );


CREATE TABLE BCATEGORY (
	B_CATEGORY_NO VARCHAR2(100) CONSTRAINT PK_BCATEGORY PRIMARY KEY,
	B_CATEGORY VARCHAR2(100) NOT NULL,
	B_CATEGORY_NAME VARCHAR2(100)
);
COMMENT ON COLUMN BCATEGORY.B_CATEGORY_NO IS '카테고리번호(BC00001)';
COMMENT ON COLUMN BCATEGORY.B_CATEGORY IS '1:공지사항,2:자유,3:홍보,4:인증,5:QnA';
COMMENT ON COLUMN BCATEGORY.B_CATEGORY_NAME IS '카테고리 이름';


CREATE TABLE BOARD (
	BOARD_NO VARCHAR2(100) CONSTRAINT PK_BOARD PRIMARY KEY,
	MEMBER_NO VARCHAR2(100) NOT NULL,
	B_CATEGORY_NO VARCHAR2(100) NOT NULL,
	BOARD_TITLE	VARCHAR2(100) NOT NULL,
	BOARD_CONTENT VARCHAR2(2000) NOT NULL,
	BOARD_CREATE_DATE DATE DEFAULT SYSDATE NOT NULL,
	BOARD_MODIFY_DATE DATE DEFAULT SYSDATE NOT NULL,
	BOARD_VCOUNT NUMBER	DEFAULT 0 NULL,
	BOARD_GCOUNT NUMBER	DEFAULT 0 NULL,
	BOARD_STATUS VARCHAR2(2) DEFAULT 'Y' NOT NULL CONSTRAINT CK_BOARD_STATUS CHECK(BOARD_STATUS IN('Y', 'N')),
	BOARD_REPLY_STATUS VARCHAR2(2) DEFAULT 'N' NOT NULL,
	BOARD_SELEC_STATUS VARCHAR2(2) DEFAULT 'N' NOT NULL,
	BOARD_IMG VARCHAR2(2000)
);
COMMENT ON COLUMN BOARD.BOARD_NO IS '게시글번호(B00001)';
COMMENT ON COLUMN BOARD.MEMBER_NO IS '회원번호(M00001)';
COMMENT ON COLUMN BOARD.B_CATEGORY_NO IS '카테고리번호(BC00001)';
COMMENT ON COLUMN BOARD.BOARD_TITLE IS '게시글 제목';
COMMENT ON COLUMN BOARD.BOARD_CONTENT IS '게시글 내용';
COMMENT ON COLUMN BOARD.BOARD_CREATE_DATE IS '게시글 작성날짜';
COMMENT ON COLUMN BOARD.BOARD_MODIFY_DATE IS '게시글 수정날짜';
COMMENT ON COLUMN BOARD.BOARD_VCOUNT IS '게시글 조회수';
COMMENT ON COLUMN BOARD.BOARD_GCOUNT IS '게시글 좋아요 수';
COMMENT ON COLUMN BOARD.BOARD_STATUS IS '삭제: N  게시:Y';
COMMENT ON COLUMN BOARD.BOARD_REPLY_STATUS IS '댓글 유: Y 무: N';
COMMENT ON COLUMN BOARD.BOARD_SELEC_STATUS IS '채택 유: Y 무: N';
COMMENT ON COLUMN BOARD.BOARD_IMG IS '게시물 이미지';

ALTER TABLE BOARD ADD CONSTRAINT FK_MEMBER_TO_BOARD FOREIGN KEY ( MEMBER_NO )
REFERENCES MEMBER ( MEMBER_NO ) ON DELETE CASCADE;
ALTER TABLE BOARD ADD CONSTRAINT FK_BCATEGORY_TO_BOARD FOREIGN KEY ( B_CATEGORY_NO )
REFERENCES BCATEGORY ( B_CATEGORY_NO ) ON DELETE CASCADE;


CREATE TABLE HASHTAG (
	BOARD_NO VARCHAR2(100),
	TAG_NO VARCHAR2(100),
	CONSTRAINT PK_HASHTAG PRIMARY KEY(BOARD_NO, TAG_NO)
);
COMMENT ON COLUMN HASHTAG.BOARD_NO IS '게시글번호(B00001)';
COMMENT ON COLUMN HASHTAG.TAG_NO IS '태그번호(TAG00001)';


CREATE TABLE MEMBER_TAG (
	MEMBER_NO VARCHAR2(100),
	TAG_NO VARCHAR2(100),
	CONSTRAINT PK_MEMBER_TAG PRIMARY KEY(MEMBER_NO, TAG_NO)
);
COMMENT ON COLUMN MEMBER_TAG.MEMBER_NO IS '회원번호(M00001)';
COMMENT ON COLUMN MEMBER_TAG.TAG_NO IS '태그번호(TAG00001)';


CREATE TABLE BIMAGES (
	IMG_NO VARCHAR2(100) CONSTRAINT PK_BIMAGES PRIMARY KEY,
	BOARD_NO VARCHAR2(100) NOT NULL,
	IMG_NAME VARCHAR2(100) NOT NULL
);
COMMENT ON COLUMN BIMAGES.IMG_NO IS '이미지번호(IMG00001)';
COMMENT ON COLUMN BIMAGES.BOARD_NO IS '게시글번호(B00001)';
COMMENT ON COLUMN BIMAGES.IMG_NAME IS '이미지파일이름';

ALTER TABLE BIMAGES ADD CONSTRAINT FK_BOARD_TO_BIMAGES FOREIGN KEY ( BOARD_NO )
REFERENCES BOARD ( BOARD_NO );


CREATE TABLE DECLARATION (
	DECLARATION_NO VARCHAR2(100) CONSTRAINT PK_DECLARATION PRIMARY KEY,
	MEMBER_NO VARCHAR2(100) NOT NULL,
	DECLARATION_C_NO VARCHAR2(100) NOT NULL,
	DECLARATION_N_NO VARCHAR2(100) NOT NULL,
	DECLARATION_CONTENT	VARCHAR2(2000) NOT NULL,
    DECLARATION_CHECK VARCHAR2(2) DEFAULT 'N' NOT NULL CONSTRAINT CK_DECLARATION_CHECK CHECK(DECLARATION_CHECK IN('Y', 'N'))
);
COMMENT ON COLUMN DECLARATION.DECLARATION_NO IS '신고번호(DEC00001)';
COMMENT ON COLUMN DECLARATION.MEMBER_NO IS '회원번호(M00001)';
COMMENT ON COLUMN DECLARATION.DECLARATION_C_NO IS '1: 회원,  2: 게시글, 3: 댓글, 4:그루밍';
COMMENT ON COLUMN DECLARATION.DECLARATION_N_NO IS '회원번호,게시판번호,리플번호,그루밍번호';
COMMENT ON COLUMN DECLARATION.DECLARATION_CONTENT IS '신고사유';
COMMENT ON COLUMN DECLARATION.DECLARATION_CHECK IS '처리:Y';

ALTER TABLE DECLARATION ADD CONSTRAINT FK_MEMBER_TO_DECLARATION FOREIGN KEY ( MEMBER_NO )
REFERENCES MEMBER ( MEMBER_NO );


CREATE TABLE REPLY (
	REPLY_NO VARCHAR2(100) CONSTRAINT PK_REPLY PRIMARY KEY,
	BOARD_NO VARCHAR2(100) NOT NULL,
	B_CATEGORY_NO VARCHAR2(100) NOT NULL,
	MEMBER_NO VARCHAR2(100) NOT NULL,
	REPLY_CONTENT VARCHAR2(2000) NOT NULL,
	REPLY_CREATE_DATE DATE DEFAULT SYSDATE NOT NULL,
	REPLY_MODIFY_DATE DATE DEFAULT SYSDATE NOT NULL,
	PEPLY_SELECTION	VARCHAR2(2)	DEFAULT 'N'	NULL CONSTRAINT CK_PEPLY_SELECTION CHECK(PEPLY_SELECTION IN('Y', 'N')),
	REPLY_STATUS VARCHAR2(2) DEFAULT 'Y' NOT NULL CONSTRAINT CK_REPLY_STATUS CHECK(REPLY_STATUS IN('Y', 'N')),
	DECLARATION_COUNT NUMBER DEFAULT 0
);
COMMENT ON COLUMN REPLY.REPLY_NO IS '댓글번호(RR00001)';
COMMENT ON COLUMN REPLY.BOARD_NO IS '게시글번호(B00001)';
COMMENT ON COLUMN REPLY.B_CATEGORY_NO IS '카테고리번호(BCN00001)';
COMMENT ON COLUMN REPLY.MEMBER_NO IS '회원번호(M00001)';
COMMENT ON COLUMN REPLY.REPLY_CONTENT IS '댓글내용';
COMMENT ON COLUMN REPLY.REPLY_CREATE_DATE IS '댓글 작성날짜';
COMMENT ON COLUMN REPLY.REPLY_MODIFY_DATE IS '댓글 수정날짜';
COMMENT ON COLUMN REPLY.PEPLY_SELECTION IS '채택: Y';
COMMENT ON COLUMN REPLY.REPLY_STATUS IS '개시중: Y 비공개: N';
COMMENT ON COLUMN REPLY.DECLARATION_COUNT IS '신고횟수 3번이상 댓글비공개';

ALTER TABLE REPLY ADD CONSTRAINT FK_BOARD_TO_REPLY FOREIGN KEY ( BOARD_NO )
REFERENCES BOARD ( BOARD_NO ) ON DELETE CASCADE;
ALTER TABLE REPLY ADD CONSTRAINT FK_BCATEGORY_TO_REPLY FOREIGN KEY ( B_CATEGORY_NO )
REFERENCES BCATEGORY ( B_CATEGORY_NO ) ON DELETE CASCADE;
ALTER TABLE REPLY ADD CONSTRAINT FK_MEMBER_TO_REPLY FOREIGN KEY ( MEMBER_NO )
REFERENCES MEMBER ( MEMBER_NO ) ON DELETE CASCADE;


CREATE TABLE GROOMING (
	GROOMING_NO	VARCHAR2(100) CONSTRAINT PK_GROOMING PRIMARY KEY,
	MEMBER_NO VARCHAR2(100) NOT NULL,
	GROOMING_TYPE VARCHAR2(100) NOT NULL,
	GROOMING_TITLE VARCHAR2(100) NOT NULL,
	GROOMING_CONTENT VARCHAR2(2000) NOT NULL,
	GROOMING_INTRODUCE VARCHAR2(400),
	GROOMING_PARTICIPANTS NUMBER NOT NULL,
	STUDY_START_DATE DATE NOT NULL,
	STUDY_END_DATE DATE NOT NULL,
	GROOMING_START_DATE DATE NOT NULL,
	GROOMING_END_DATE DATE NOT NULL,
	DEPOSIT_MONEY VARCHAR2(2000) DEFAULT '0',
	GROOMING_IMG VARCHAR2(2000) NOT NULL,
	GROOMING_CREATE_DATE DATE DEFAULT SYSDATE NOT NULL,
	GROOMING_MODIFY_DATE DATE,
	GROOMING_STATUS VARCHAR2(2) DEFAULT 'N' NOT NULL CONSTRAINT CK_GROOMING_STATUS CHECK(GROOMING_STATUS IN('Y', 'N', 'B')),
	GROOMING_COUNT NUMBER DEFAULT 0 NOT NULL,
    GROOMING_NOW_DATE DATE DEFAULT SYSDATE NOT NULL,
    GROOMING_CURRENT_PEOPLE NUMBER DEFAULT 1 NOT NULL
);
COMMENT ON COLUMN GROOMING.GROOMING_NO IS '그루밍번호(G00001)';
COMMENT ON COLUMN GROOMING.MEMBER_NO IS '회원번호(M00001)';
COMMENT ON COLUMN GROOMING.GROOMING_TYPE IS '멘토/호스트';
COMMENT ON COLUMN GROOMING.GROOMING_TITLE IS '그루밍제목';
COMMENT ON COLUMN GROOMING.GROOMING_CONTENT IS '그루밍내용';
COMMENT ON COLUMN GROOMING.GROOMING_INTRODUCE IS '그루밍한줄소개란';
COMMENT ON COLUMN GROOMING.GROOMING_PARTICIPANTS IS '스터디인원';
COMMENT ON COLUMN GROOMING.STUDY_START_DATE IS '스터디 시작 날짜';
COMMENT ON COLUMN GROOMING.STUDY_END_DATE IS '스터디 종료 날짜';
COMMENT ON COLUMN GROOMING.GROOMING_START_DATE IS '그룹 모집 시작 날짜';
COMMENT ON COLUMN GROOMING.GROOMING_END_DATE IS '그룹 모집 마감 날짜';
COMMENT ON COLUMN GROOMING.DEPOSIT_MONEY IS '예치금';
COMMENT ON COLUMN GROOMING.GROOMING_IMG IS '썸네일사진';
COMMENT ON COLUMN GROOMING.GROOMING_CREATE_DATE IS '작성날짜';
COMMENT ON COLUMN GROOMING.GROOMING_MODIFY_DATE IS '수정날짜';
COMMENT ON COLUMN GROOMING.GROOMING_STATUS IS '활성화상태(임시저장:N/등록:Y/ 비활성화:B)';
COMMENT ON COLUMN GROOMING.GROOMING_COUNT IS '게시글 조회수';
COMMENT ON COLUMN GROOMING.GROOMING_NOW_DATE IS '현재 날짜';
COMMENT ON COLUMN GROOMING.GROOMING_CURRENT_PEOPLE IS '현재 참여 인원';

ALTER TABLE GROOMING ADD CONSTRAINT FK_MEMBER_TO_GROOMING FOREIGN KEY ( MEMBER_NO )
REFERENCES MEMBER ( MEMBER_NO ) ;


CREATE TABLE GTAG (
	TAG_NO	VARCHAR2(100),
	GROOMING_NO	VARCHAR2(100),
	CONSTRAINT PK_GTAG PRIMARY KEY(GROOMING_NO, TAG_NO)
);
COMMENT ON COLUMN GTAG.TAG_NO IS '태그번호(TAG00001)';
COMMENT ON COLUMN GTAG.GROOMING_NO IS '그루밍번호(G00001)';


CREATE TABLE GROMMING_MEMBER (
	G_MEMBER_NO VARCHAR2(100) CONSTRAINT PK_GROMMING_MEMBER PRIMARY KEY,
	MEMBER_NO VARCHAR2(100) NOT NULL,
	GROOMING_NO VARCHAR2(100) NOT NULL
);
COMMENT ON COLUMN GROMMING_MEMBER.G_MEMBER_NO IS '그루밍멤버번호(GM00001)';
COMMENT ON COLUMN GROMMING_MEMBER.MEMBER_NO IS '회원번호(M00001)';
COMMENT ON COLUMN GROMMING_MEMBER.GROOMING_NO IS '그루밍번호(G00001)';

ALTER TABLE GROMMING_MEMBER ADD CONSTRAINT FK_MEMBER_TO_GROMMING_MEMBER FOREIGN KEY ( MEMBER_NO )
REFERENCES MEMBER ( MEMBER_NO );
ALTER TABLE GROMMING_MEMBER ADD CONSTRAINT FK_GROOMING_TO_GROMMING_MEMBER FOREIGN KEY ( GROOMING_NO )
REFERENCES GROOMING ( GROOMING_NO ) ON DELETE CASCADE;


CREATE TABLE GROOMING_CALENDAR (
	G_CALENDAR_NO VARCHAR2(100) CONSTRAINT PK_GROOMING_CALENDAR PRIMARY KEY,
	GROOMING_NO VARCHAR2(100) NOT NULL,
	GROOMING_MEMBER_NO VARCHAR2(100) NOT NULL,
	G_CALENDAR_EVNET VARCHAR2(100) NOT NULL,
	G_CALENDAR_START_DATE DATE NOT NULL,
	G_CALENDAR_END_DATE	DATE
);
COMMENT ON COLUMN GROOMING_CALENDAR.G_CALENDAR_NO IS '그루밍켈린더번호(GC00001)';
COMMENT ON COLUMN GROOMING_CALENDAR.GROOMING_NO IS '그루밍번호(G00001)';
COMMENT ON COLUMN GROOMING_CALENDAR.GROOMING_MEMBER_NO IS '그루밍멤버번호(GM00001)';
COMMENT ON COLUMN GROOMING_CALENDAR.G_CALENDAR_EVNET IS '일정 제목';
COMMENT ON COLUMN GROOMING_CALENDAR.G_CALENDAR_START_DATE IS '일정 시작일';
COMMENT ON COLUMN GROOMING_CALENDAR.G_CALENDAR_END_DATE IS '일정 마지막일';

ALTER TABLE GROOMING_CALENDAR ADD CONSTRAINT FK_GROOMING_TO_G_CALENDAR FOREIGN KEY ( GROOMING_NO )
REFERENCES GROOMING ( GROOMING_NO ) ON DELETE CASCADE;
ALTER TABLE GROOMING_CALENDAR ADD CONSTRAINT FK_G_MEMBER_TO_G_CALENDAR FOREIGN KEY ( GROOMING_MEMBER_NO )
REFERENCES GROMMING_MEMBER ( G_MEMBER_NO ) ON DELETE CASCADE;


CREATE TABLE GROOMING_APPLICANT (
	GROOMING_APPLY_NO VARCHAR2(100) CONSTRAINT PK_GROOMING_APPLICANT PRIMARY KEY,
	GROOMING_NO	VARCHAR2(100) NOT NULL,
	MEMBER_NO VARCHAR2(100) NOT NULL,
	GROOMING_APPLY_CONTENT	VARCHAR2(2000),
	GROOMING_APPLY_STATUS VARCHAR2(2) DEFAULT 'Y' CONSTRAINT CK_G_APPLY_STATUS CHECK(GROOMING_APPLY_STATUS IN('Y', 'C', 'D'))
);
COMMENT ON COLUMN GROOMING_APPLICANT.GROOMING_APPLY_NO IS '그루밍신청자번호(GA00001)';
COMMENT ON COLUMN GROOMING_APPLICANT.GROOMING_NO IS '그루밍번호(G00001)';
COMMENT ON COLUMN GROOMING_APPLICANT.MEMBER_NO IS '회원번호(M00001)';
COMMENT ON COLUMN GROOMING_APPLICANT.GROOMING_APPLY_CONTENT IS '신청폼내용';
COMMENT ON COLUMN GROOMING_APPLICANT.GROOMING_APPLY_STATUS IS '신청상태 신청중:Y 수락:C 거절:D';

ALTER TABLE GROOMING_APPLICANT ADD CONSTRAINT FK_GROOMING_TO_G_APPLICANT FOREIGN KEY ( GROOMING_NO )
REFERENCES GROOMING ( GROOMING_NO ) ON DELETE CASCADE;
ALTER TABLE GROOMING_APPLICANT ADD CONSTRAINT FK_MEMBER_TO_G_APPLICANT FOREIGN KEY ( MEMBER_NO )
REFERENCES MEMBER ( MEMBER_NO );


CREATE TABLE G_CHECK (
	G_CHECK_NO VARCHAR2(100) CONSTRAINT PK_G_CHECK PRIMARY KEY,
	GROOMING_NO	VARCHAR2(100) NOT NULL,
	G_MEMBER_NO VARCHAR2(100) NOT NULL,
	G_CHECK	VARCHAR2(2)	DEFAULT 'N' CONSTRAINT CK_G_CHECK CHECK(G_CHECK IN('Y', 'N', 'L')),
	G_CHECK_DATE DATE
);
COMMENT ON COLUMN G_CHECK.G_CHECK_NO IS '출석번호(GN00001)';
COMMENT ON COLUMN G_CHECK.GROOMING_NO IS '그루밍번호(G00001)';
COMMENT ON COLUMN G_CHECK.G_MEMBER_NO IS '그루밍멤버번호(GM00001)';
COMMENT ON COLUMN G_CHECK.G_CHECK IS '출석:Y /결석:N /지각:L';
COMMENT ON COLUMN G_CHECK.G_CHECK_DATE IS '출석 날짜';

ALTER TABLE G_CHECK ADD CONSTRAINT FK_G_MEMBER_TO_G_CHECK FOREIGN KEY ( G_MEMBER_NO )
REFERENCES GROMMING_MEMBER ( G_MEMBER_NO ) ON DELETE CASCADE;


CREATE TABLE GBOARD (
	G_BOARD_NO VARCHAR2(100) CONSTRAINT PK_GBOARD PRIMARY KEY,
	GROOMING_MEMBER_NO VARCHAR2(100) NOT NULL,
	G_BOARD_CATEGORY VARCHAR2(100) NOT NULL,
	G_BOARD_TITLE VARCHAR2(100) NOT NULL,
	G_BOARD_CONTENT	VARCHAR2(2000) NOT NULL,
	G_BOARD_VIEW_COUNT NUMBER DEFAULT 0 NOT NULL,
	G_BOARD_CREATE_DATE	DATE DEFAULT SYSDATE NOT NULL,
	G_BOARD_MODIFY_DATE	DATE,
	G_BOARD_IMG VARCHAR2(2000)
);
COMMENT ON COLUMN GBOARD.G_BOARD_NO IS '그루밍게시판번호(GB0001)';
COMMENT ON COLUMN GBOARD.GROOMING_MEMBER_NO IS '그루밍멤버번호(GM00001)';
COMMENT ON COLUMN GBOARD.G_BOARD_CATEGORY IS '그루밍카테고리(자유/공지)';
COMMENT ON COLUMN GBOARD.G_BOARD_TITLE IS '그루밍 소게시판 제목';
COMMENT ON COLUMN GBOARD.G_BOARD_CONTENT IS '그루밍 소게시판 내용';
COMMENT ON COLUMN GBOARD.G_BOARD_VIEW_COUNT IS '그루밍 소게시판 조회수';
COMMENT ON COLUMN GBOARD.G_BOARD_CREATE_DATE IS '그루밍 소게시판 작성일';
COMMENT ON COLUMN GBOARD.G_BOARD_MODIFY_DATE IS '그루밍 소게시판 수정일';
COMMENT ON COLUMN GBOARD.G_BOARD_IMG IS '그루밍 소게시판 이미지';

ALTER TABLE GBOARD ADD CONSTRAINT FK_G_MEMBER_TO_GBOARD FOREIGN KEY ( GROOMING_MEMBER_NO )
REFERENCES GROMMING_MEMBER ( G_MEMBER_NO ) ON DELETE CASCADE;


CREATE TABLE G_REPLY (
	G_REPLY_NO VARCHAR2(100) CONSTRAINT PK_G_REPLY PRIMARY KEY,
	G_BOARD_NO VARCHAR2(100) NOT NULL,
	GROOMING_MEMBER_NO VARCHAR2(100) NOT NULL,
	G_REPLY_CONTENT	VARCHAR2(2000) NOT NULL,
	G_REPLY_CAEATE_DATE	DATE DEFAULT SYSDATE NOT NULL
);
COMMENT ON COLUMN G_REPLY.G_REPLY_NO IS '그루밍댓글번호(GBR0001)';
COMMENT ON COLUMN G_REPLY.G_BOARD_NO IS '그루밍게시판번호(GB0001)';
COMMENT ON COLUMN G_REPLY.GROOMING_MEMBER_NO IS '그루밍멤버번호(GM00001)';
COMMENT ON COLUMN G_REPLY.G_REPLY_CONTENT IS '댓글내용';
COMMENT ON COLUMN G_REPLY.G_REPLY_CAEATE_DATE IS '댓글 작성날짜';

ALTER TABLE G_REPLY ADD CONSTRAINT FK_GBOARD_TO_G_REPLY FOREIGN KEY ( G_BOARD_NO )
REFERENCES GBOARD ( G_BOARD_NO ) ON DELETE CASCADE;
ALTER TABLE G_REPLY ADD CONSTRAINT FK_G_MEMBER_TO_G_REPLY FOREIGN KEY ( GROOMING_MEMBER_NO )
REFERENCES GROMMING_MEMBER ( G_MEMBER_NO ) ON DELETE CASCADE;


CREATE TABLE STUDYCAFE (
	CAFE_NO VARCHAR2(100) CONSTRAINT PK_STUDYCAFE PRIMARY KEY,
	CAFE_NAME VARCHAR2(100) NOT NULL,
	CAFE_CONTENT VARCHAR2(2000) NOT NULL,
	CAFE_PHONE VARCHAR2(100) NOT NULL,
	CAFE_ADDRESS VARCHAR2(200) NOT NULL,
	CAFE_IMG VARCHAR2(2000),
	CAFE_MAP_Y VARCHAR2(200),
	CAFE_MAP_X VARCHAR2(200)
	
);
COMMENT ON COLUMN STUDYCAFE.CAFE_NO IS '카페번호(ST00001)';
COMMENT ON COLUMN STUDYCAFE.CAFE_NAME IS '카페이름';
COMMENT ON COLUMN STUDYCAFE.CAFE_CONTENT IS '카페내용';
COMMENT ON COLUMN STUDYCAFE.CAFE_PHONE IS '카페전화번호';
COMMENT ON COLUMN STUDYCAFE.CAFE_ADDRESS IS '카페주소';
COMMENT ON COLUMN STUDYCAFE.CAFE_IMG IS '카페사진';
COMMENT ON COLUMN STUDYCAFE.CAFE_MAP_Y IS '지도위도';
COMMENT ON COLUMN STUDYCAFE.CAFE_MAP_X IS '지도경도';


CREATE TABLE CAFEPRICE (
	C_PRICE_NO VARCHAR2(100) CONSTRAINT PK_CAFEPRICE PRIMARY KEY,
	CAFE_NO	VARCHAR2(100) NOT NULL,
	C_ROOM_NAME	VARCHAR2(100) NOT NULL,
	C_ROOM_AVAILABLE_TIME NUMBER NOT NULL,
	C_ROOM_TIME	NUMBER NOT NULL,
	C_ROOM_PRICE NUMBER NOT NULL,
	C_ROOM_HEAD_COUNT NUMBER
);
COMMENT ON COLUMN CAFEPRICE.C_PRICE_NO IS '카페가격번호(CP00001)';
COMMENT ON COLUMN CAFEPRICE.CAFE_NO IS '카페번호(ST00001)';
COMMENT ON COLUMN CAFEPRICE.C_ROOM_NAME IS '카페 룸 이름';
COMMENT ON COLUMN CAFEPRICE.C_ROOM_AVAILABLE_TIME IS '카페 이용가능 시간';
COMMENT ON COLUMN CAFEPRICE.C_ROOM_TIME IS '카페 룸 이용시간';
COMMENT ON COLUMN CAFEPRICE.C_ROOM_PRICE IS '카페 룸 가격';
COMMENT ON COLUMN CAFEPRICE.C_ROOM_HEAD_COUNT IS '카페 룸 인원';

ALTER TABLE CAFEPRICE ADD CONSTRAINT FK_STUDYCAFE_TO_CAFEPRICE FOREIGN KEY ( CAFE_NO )
REFERENCES STUDYCAFE ( CAFE_NO );


CREATE TABLE CAFERESERVATION (
	C_RESER_NO VARCHAR2(100) CONSTRAINT PK_CAFERESERVATION PRIMARY KEY,
	MEMBER_NO VARCHAR2(100) NOT NULL,
	C_PRICE_NO VARCHAR2(100) NOT NULL,
	C_RESER_HEAD_COUNT NUMBER,
	C_RESER_DATE DATE DEFAULT SYSDATE NULL,
	C_RESER_S_TIME VARCHAR2(100),
	C_RESER_E_TIME VARCHAR2(100)
);
COMMENT ON COLUMN CAFERESERVATION.C_RESER_NO IS '예약번호(CR00001)';
COMMENT ON COLUMN CAFERESERVATION.MEMBER_NO IS '회원번호(M00001)';
COMMENT ON COLUMN CAFERESERVATION.C_PRICE_NO IS '카페가격번호(CP00001)';
COMMENT ON COLUMN CAFERESERVATION.C_RESER_HEAD_COUNT IS '예약인원';
COMMENT ON COLUMN CAFERESERVATION.C_RESER_DATE IS '예약날짜';
COMMENT ON COLUMN CAFERESERVATION.C_RESER_S_TIME IS '시작시간';
COMMENT ON COLUMN CAFERESERVATION.C_RESER_E_TIME IS '종료시간';

ALTER TABLE CAFERESERVATION ADD CONSTRAINT FK_MEMBER_TO_CAFERESERVATION FOREIGN KEY ( MEMBER_NO )
REFERENCES MEMBER ( MEMBER_NO );
ALTER TABLE CAFERESERVATION ADD CONSTRAINT FK_CAFEPRICE_TO_CRESERVATION FOREIGN KEY ( C_PRICE_NO )
REFERENCES CAFEPRICE ( C_PRICE_NO );


CREATE TABLE SANCTIONS (
	SANCTIONS_NO VARCHAR2(100) CONSTRAINT PK_SANCTIONS PRIMARY KEY,
	MEMBER_NO VARCHAR2(100) NOT NULL,
	SANCTIONS_S_DATE DATE NOT NULL,
	SANCTIONS_F_DATE DATE NOT NULL,
	SANCTIONS_CONTENT VARCHAR2(2000) NOT NULL
);
COMMENT ON COLUMN SANCTIONS.SANCTIONS_NO IS '제재번호(SAN00001)';
COMMENT ON COLUMN SANCTIONS.MEMBER_NO IS '회원번호(M00001)';
COMMENT ON COLUMN SANCTIONS.SANCTIONS_S_DATE IS '제재받은날짜';
COMMENT ON COLUMN SANCTIONS.SANCTIONS_F_DATE IS '제재끝나는날짜';
COMMENT ON COLUMN SANCTIONS.SANCTIONS_CONTENT IS '제재사유';

ALTER TABLE SANCTIONS ADD CONSTRAINT FK_MEMBER_TO_SANCTIONS FOREIGN KEY ( MEMBER_NO )
REFERENCES MEMBER ( MEMBER_NO );



CREATE TABLE GROOMING_HEART(
    GROOMING_HEART_NO VARCHAR2(100) CONSTRAINT PI_GROOMING_HEART PRIMARY KEY,
    GROOMING_NO VARCHAR2(100) NOT NULL,
    MEMBER_NO VARCHAR2(100) NOT NULL

);
COMMENT ON COLUMN GROOMING_HEART.GROOMING_HEART_NO IS '찜번호(GH00001)';
COMMENT ON COLUMN GROOMING_HEART.GROOMING_NO IS '그루밍번호(G00001)';
COMMENT ON COLUMN GROOMING_HEART.MEMBER_NO IS '회원번호(M00001)';

ALTER TABLE GROOMING_HEART ADD CONSTRAINT FK_MEMBER_TO_GROOMING_HEART FOREIGN KEY ( MEMBER_NO )
REFERENCES MEMBER ( MEMBER_NO ) ;
ALTER TABLE GROOMING_HEART ADD CONSTRAINT FK_GROOMING_TO_GROOMING_HEART FOREIGN KEY ( GROOMING_NO )
REFERENCES GROOMING ( GROOMING_NO ) ON DELETE CASCADE;


CREATE TABLE HELP_CATEGORY (
	HCATEGORY_NO VARCHAR2(100) CONSTRAINT PK_HELP_CATEGORY PRIMARY KEY,
	HCATEGORY_NAME VARCHAR2(1000) NOT NULL
);
COMMENT ON COLUMN HELP_CATEGORY.HCATEGORY_NO IS '문의카테고리번호(HC00001)';
COMMENT ON COLUMN HELP_CATEGORY.HCATEGORY_NAME IS '문의 카테고리 이름';


CREATE TABLE HELP (
	HELP_NO VARCHAR2(100) CONSTRAINT PK_HELP PRIMARY KEY,
	HCATEGORY_NO VARCHAR2(100) NOT NULL,
	MEMBER_NO VARCHAR2(100) NULL,
	HELP_EMAIL VARCHAR2(1000) NOT NULL,
	HELP_CONTENT VARCHAR2(2000) NOT NULL,
	HELP_CDATE DATE DEFAULT SYSDATE
);

COMMENT ON COLUMN HELP.HELP_NO IS '문의번호(HEL00001)';
COMMENT ON COLUMN HELP.HCATEGORY_NO IS '문의카테고리번호(HC00001)';
COMMENT ON COLUMN HELP.MEMBER_NO IS '회원번호(M00001)';
COMMENT ON COLUMN HELP.HELP_EMAIL IS '답변받을 이메일';
COMMENT ON COLUMN HELP.HELP_CONTENT IS '문의내용';
COMMENT ON COLUMN HELP.HELP_CDATE IS '문의 날짜';

ALTER TABLE HELP ADD CONSTRAINT FK_HELP_TO_MEMBER FOREIGN KEY ( MEMBER_NO )
REFERENCES MEMBER ( MEMBER_NO );
ALTER TABLE HELP ADD CONSTRAINT FK_HELP_TO_HELP_CATE FOREIGN KEY ( HCATEGORY_NO )
REFERENCES HELP_CATEGORY ( HCATEGORY_NO );


----- VIEW AREA ------------------------------------------------------------

CREATE OR REPLACE VIEW VIEW_MESSAGE AS
SELECT MESSAGE_NO, FROM_MEMBER_NO, MA.MEMBER_NICKNAME FROM_MEMBER_NICKNAME, MA.MEMBER_PHOTO FROM_MEMBER_PHOTO
	, TO_MEMBER_NO, MB.MEMBER_NICKNAME TO_MEMBER_NICKNAME, MB.MEMBER_PHOTO TO_MEMBER_PHOTO
	, MESSAGE_CONTENT, MESSAGE_DATE, FROM_M_CONFIRM, TO_M_CONFIRM
FROM MESSAGE MSG
LEFT JOIN MEMBER MA ON (MA.MEMBER_NO = MSG.FROM_MEMBER_NO)
LEFT JOIN MEMBER MB ON (MB.MEMBER_NO = MSG.TO_MEMBER_NO)
ORDER BY MESSAGE_DATE DESC;

-- MEMBER_MANAGE --

CREATE OR REPLACE VIEW MEMBER_MANAGE AS
SELECT 
  M.MEMBER_NO
, M.MEMBER_EMAIL
, M.MEMBER_NICKNAME
, M.MEMBER_NAME
, M.MEMBER_PHONE
, NVL(SUM(P.ADD_POINT),0) AS POINT
, (SELECT COUNT(*) FROM SANCTIONS S WHERE SANCTIONS_F_DATE >= SYSDATE AND S.MEMBER_NO=M.MEMBER_NO GROUP BY M.MEMBER_NO) AS SANCTIONS
FROM MEMBER M
LEFT JOIN POINT P ON (P.MEMBER_NO = M.MEMBER_NO)
WHERE M.MEMBER_STATUS = 'N'
GROUP BY M.MEMBER_NO, M.MEMBER_EMAIL, M.MEMBER_NICKNAME, M.MEMBER_NAME, M.MEMBER_PHONE
ORDER BY 1 DESC;

--CAFEEINFO--

CREATE OR REPLACE VIEW CAFEINFO AS
SELECT S.CAFE_NAME, S.CAFE_CONTENT, S.CAFE_ADDRESS, S.CAFE_PHONE, S.CAFE_IMG, C."C_PRICE_NO",C."CAFE_NO",C."C_ROOM_NAME",C."C_ROOM_AVAILABLE_TIME",C."C_ROOM_TIME",C."C_ROOM_PRICE",C."C_ROOM_HEAD_COUNT"
FROM STUDYCAFE S
LEFT JOIN CAFEPRICE C ON (S.CAFE_NO = C.CAFE_NO);

-- RESERVATION--

CREATE OR REPLACE VIEW RESERVATION AS
SELECT R."C_RESER_NO",R."MEMBER_NO",R."C_PRICE_NO",R."C_RESER_HEAD_COUNT",R."C_RESER_DATE",R."C_RESER_S_TIME",R."C_RESER_E_TIME", C.C_ROOM_NAME, C.C_ROOM_PRICE, S.CAFE_NO, S.CAFE_NAME, S.CAFE_PHONE, S.CAFE_ADDRESS
FROM CAFERESERVATION R
JOIN CAFEPRICE C ON (C.C_PRICE_NO = R.C_PRICE_NO)
JOIN STUDYCAFE S ON (S.CAFE_NO = C.CAFE_NO);

-- MENTO_MANAGE --

CREATE OR REPLACE VIEW METO_MANAGE AS
SELECT M.MEMBER_NO, M.MEMBER_EMAIL, M.MEMBER_NICKNAME, M.MEMBER_NAME, T.MENTOR_NO, T.MENTOR_PASS, S.SPEC_NO, S.SPEC_NAME, S.SPEC_FILENAME, SC.SPEC_C_NAME, S.SPEC_CONFIRM
FROM MEMBER M
JOIN MENTOR T ON (M.MEMBER_NO = T.MEMBER_NO)
JOIN SPEC S ON (M.MEMBER_NO = S.MEMBER_NO)
JOIN SPEC_CATEGORY SC ON (S.SPEC_C_NO = SC.SPEC_C_NO)
ORDER BY 1 ASC;

-- GROOMING_MANAGE --

CREATE OR REPLACE VIEW GROOMING_MANAGE AS
SELECT G.GROOMING_NO, G.GROOMING_TYPE, G.GROOMING_TITLE, G.GROOMING_INTRODUCE, G.GROOMING_PARTICIPANTS, G.GROOMING_CURRENT_PEOPLE, GC.G_CALENDAR_START_DATE, GB.G_BOARD_MODIFY_DATE
FROM GROOMING G
LEFT JOIN GROOMING_CALENDAR GC ON (G.GROOMING_NO = GC.GROOMING_NO)
LEFT JOIN GROMMING_MEMBER GM ON (G.GROOMING_NO = GM.GROOMING_NO)
LEFT JOIN GBOARD GB ON (GM.G_MEMBER_NO = GB.GROOMING_MEMBER_NO);

----- INSERT AREA ------------------------------------------------------------

-- 필수!! &A의 입력이 입력창으로 되는 것을 막아준다.
SET DEFINE OFF;

--------------------------------------------------------
Insert into GROOMING.TAG (TAG_NO,TAG_NAME,TAG_COUNT,TAG_DATE) values ('TAG00001','JAVA',10000,to_date('20/08/06','RR/MM/DD'));
Insert into GROOMING.TAG (TAG_NO,TAG_NAME,TAG_COUNT,TAG_DATE) values ('TAG00002','HTML',1200,to_date('20/08/06','RR/MM/DD'));
Insert into GROOMING.TAG (TAG_NO,TAG_NAME,TAG_COUNT,TAG_DATE) values ('TAG00003','자바',9000,to_date('20/08/06','RR/MM/DD'));
Insert into GROOMING.TAG (TAG_NO,TAG_NAME,TAG_COUNT,TAG_DATE) values ('TAG00004','이클립스',8000,to_date('20/08/06','RR/MM/DD'));
Insert into GROOMING.TAG (TAG_NO,TAG_NAME,TAG_COUNT,TAG_DATE) values ('TAG00005','파이썬',7000,to_date('20/08/06','RR/MM/DD'));
Insert into GROOMING.TAG (TAG_NO,TAG_NAME,TAG_COUNT,TAG_DATE) values ('TAG00006','놀자',1,to_date('20/08/06','RR/MM/DD'));
Insert into GROOMING.TAG (TAG_NO,TAG_NAME,TAG_COUNT,TAG_DATE) values ('TAG00007','졸려',2000,to_date('20/08/06','RR/MM/DD'));
Insert into GROOMING.TAG (TAG_NO,TAG_NAME,TAG_COUNT,TAG_DATE) values ('TAG00008','SNS',1241123,to_date('20/08/06','RR/MM/DD'));
Insert into GROOMING.TAG (TAG_NO,TAG_NAME,TAG_COUNT,TAG_DATE) values ('TAG00009','ECommerce',1231,to_date('20/08/06','RR/MM/DD'));
Insert into GROOMING.TAG (TAG_NO,TAG_NAME,TAG_COUNT,TAG_DATE) values ('TAG00010','초보',123124142,to_date('20/08/06','RR/MM/DD'));
Insert into GROOMING.TAG (TAG_NO,TAG_NAME,TAG_COUNT,TAG_DATE) values ('TAG00011','모각코',2,to_date('20/08/06','RR/MM/DD'));
Insert into GROOMING.TAG (TAG_NO,TAG_NAME,TAG_COUNT,TAG_DATE) values ('TAG00012','스티브자바',41,to_date('20/08/06','RR/MM/DD'));
Insert into GROOMING.TAG (TAG_NO,TAG_NAME,TAG_COUNT,TAG_DATE) values ('TAG00013','머신러닝',13123,to_date('20/08/06','RR/MM/DD'));
Insert into GROOMING.TAG (TAG_NO,TAG_NAME,TAG_COUNT,TAG_DATE) values ('TAG00016','혼공',1,to_date('20/08/31 18:12:39','RR/MM/DD HH24:MI:SS'));
Insert into GROOMING.TAG (TAG_NO,TAG_NAME,TAG_COUNT,TAG_DATE) values ('TAG00017','강남',1,to_date('20/08/31 18:12:39','RR/MM/DD HH24:MI:SS'));
Insert into GROOMING.TAG (TAG_NO,TAG_NAME,TAG_COUNT,TAG_DATE) values ('TAG00018','교대',1,to_date('20/08/31 18:12:39','RR/MM/DD HH24:MI:SS'));
Insert into GROOMING.TAG (TAG_NO,TAG_NAME,TAG_COUNT,TAG_DATE) values ('TAG00019','인증',1,to_date('20/08/31 18:14:29','RR/MM/DD HH24:MI:SS'));
Insert into GROOMING.TAG (TAG_NO,TAG_NAME,TAG_COUNT,TAG_DATE) values ('TAG00020','생활스터디',1,to_date('20/08/31 18:14:29','RR/MM/DD HH24:MI:SS'));
Insert into GROOMING.TAG (TAG_NO,TAG_NAME,TAG_COUNT,TAG_DATE) values ('TAG00014','프로젝트',1,to_date('20/08/31 18:02:25','RR/MM/DD HH24:MI:SS'));
Insert into GROOMING.TAG (TAG_NO,TAG_NAME,TAG_COUNT,TAG_DATE) values ('TAG00015','각공',1,to_date('20/08/31 18:12:39','RR/MM/DD HH24:MI:SS'));
Insert into GROOMING.TAG (TAG_NO,TAG_NAME,TAG_COUNT,TAG_DATE) values ('TAG00021','공기업',1,to_date('20/08/31 18:14:29','RR/MM/DD HH24:MI:SS'));
Insert into GROOMING.TAG (TAG_NO,TAG_NAME,TAG_COUNT,TAG_DATE) values ('TAG00022','커리어코치',1,to_date('20/08/31 18:15:55','RR/MM/DD HH24:MI:SS'));
Insert into GROOMING.TAG (TAG_NO,TAG_NAME,TAG_COUNT,TAG_DATE) values ('TAG00023','취업',1,to_date('20/08/31 18:15:55','RR/MM/DD HH24:MI:SS'));
Insert into GROOMING.TAG (TAG_NO,TAG_NAME,TAG_COUNT,TAG_DATE) values ('TAG00024','취업자소서',1,to_date('20/08/31 18:15:55','RR/MM/DD HH24:MI:SS'));
Insert into GROOMING.TAG (TAG_NO,TAG_NAME,TAG_COUNT,TAG_DATE) values ('TAG00025','프로그래밍',2,to_date('20/08/31 18:17:30','RR/MM/DD HH24:MI:SS'));
Insert into GROOMING.TAG (TAG_NO,TAG_NAME,TAG_COUNT,TAG_DATE) values ('TAG00027','네트워크',1,to_date('20/08/31 18:17:30','RR/MM/DD HH24:MI:SS'));
Insert into GROOMING.TAG (TAG_NO,TAG_NAME,TAG_COUNT,TAG_DATE) values ('TAG00029','스터디그룹',2,to_date('20/08/31 18:19:13','RR/MM/DD HH24:MI:SS'));
Insert into GROOMING.TAG (TAG_NO,TAG_NAME,TAG_COUNT,TAG_DATE) values ('TAG00031','공무원',1,to_date('20/08/31 18:21:46','RR/MM/DD HH24:MI:SS'));
Insert into GROOMING.TAG (TAG_NO,TAG_NAME,TAG_COUNT,TAG_DATE) values ('TAG00032','개성있는그룹',1,to_date('20/08/31 18:21:46','RR/MM/DD HH24:MI:SS'));
Insert into GROOMING.TAG (TAG_NO,TAG_NAME,TAG_COUNT,TAG_DATE) values ('TAG00033','패기있는그룹',1,to_date('20/08/31 18:21:46','RR/MM/DD HH24:MI:SS'));
Insert into GROOMING.TAG (TAG_NO,TAG_NAME,TAG_COUNT,TAG_DATE) values ('TAG00034','NCS',1,to_date('20/08/31 18:22:55','RR/MM/DD HH24:MI:SS'));
Insert into GROOMING.TAG (TAG_NO,TAG_NAME,TAG_COUNT,TAG_DATE) values ('TAG00035','전공',1,to_date('20/08/31 18:22:55','RR/MM/DD HH24:MI:SS'));
Insert into GROOMING.TAG (TAG_NO,TAG_NAME,TAG_COUNT,TAG_DATE) values ('TAG00036','면접준비',1,to_date('20/08/31 18:22:55','RR/MM/DD HH24:MI:SS'));
Insert into GROOMING.TAG (TAG_NO,TAG_NAME,TAG_COUNT,TAG_DATE) values ('TAG00037','ibk',1,to_date('20/08/31 18:24:23','RR/MM/DD HH24:MI:SS'));
Insert into GROOMING.TAG (TAG_NO,TAG_NAME,TAG_COUNT,TAG_DATE) values ('TAG00038','IBK',1,to_date('20/08/31 18:24:23','RR/MM/DD HH24:MI:SS'));
Insert into GROOMING.TAG (TAG_NO,TAG_NAME,TAG_COUNT,TAG_DATE) values ('TAG00039','취준생',1,to_date('20/08/31 18:25:54','RR/MM/DD HH24:MI:SS'));
Insert into GROOMING.TAG (TAG_NO,TAG_NAME,TAG_COUNT,TAG_DATE) values ('TAG00040','통계학',1,to_date('20/08/31 18:25:54','RR/MM/DD HH24:MI:SS'));
Insert into GROOMING.TAG (TAG_NO,TAG_NAME,TAG_COUNT,TAG_DATE) values ('TAG00041','취준',1,to_date('20/08/31 18:25:54','RR/MM/DD HH24:MI:SS'));
Insert into GROOMING.TAG (TAG_NO,TAG_NAME,TAG_COUNT,TAG_DATE) values ('TAG00042','요리',1,to_date('20/08/31 18:27:09','RR/MM/DD HH24:MI:SS'));
Insert into GROOMING.TAG (TAG_NO,TAG_NAME,TAG_COUNT,TAG_DATE) values ('TAG00043','복어',1,to_date('20/08/31 18:27:09','RR/MM/DD HH24:MI:SS'));
Insert into GROOMING.TAG (TAG_NO,TAG_NAME,TAG_COUNT,TAG_DATE) values ('TAG00044','조리기능사',1,to_date('20/08/31 18:27:09','RR/MM/DD HH24:MI:SS'));
Insert into GROOMING.TAG (TAG_NO,TAG_NAME,TAG_COUNT,TAG_DATE) values ('TAG00045','양식',1,to_date('20/08/31 18:27:09','RR/MM/DD HH24:MI:SS'));
Insert into GROOMING.TAG (TAG_NO,TAG_NAME,TAG_COUNT,TAG_DATE) values ('TAG00046','창원',1,to_date('20/08/31 18:28:13','RR/MM/DD HH24:MI:SS'));
Insert into GROOMING.TAG (TAG_NO,TAG_NAME,TAG_COUNT,TAG_DATE) values ('TAG00047','마산',1,to_date('20/08/31 18:28:13','RR/MM/DD HH24:MI:SS'));
Insert into GROOMING.TAG (TAG_NO,TAG_NAME,TAG_COUNT,TAG_DATE) values ('TAG00048','자율스터디',1,to_date('20/08/31 18:28:13','RR/MM/DD HH24:MI:SS'));
Insert into GROOMING.TAG (TAG_NO,TAG_NAME,TAG_COUNT,TAG_DATE) values ('TAG00049','대구',1,to_date('20/08/31 18:29:30','RR/MM/DD HH24:MI:SS'));
Insert into GROOMING.TAG (TAG_NO,TAG_NAME,TAG_COUNT,TAG_DATE) values ('TAG00050','자소서',1,to_date('20/08/31 18:29:30','RR/MM/DD HH24:MI:SS'));

--------------------------------------------------------
Insert into GROOMING.BCATEGORY (B_CATEGORY_NO,B_CATEGORY,B_CATEGORY_NAME) values ('BC00001','1','공지사항');
Insert into GROOMING.BCATEGORY (B_CATEGORY_NO,B_CATEGORY,B_CATEGORY_NAME) values ('BC00002','2','자유게시판');
Insert into GROOMING.BCATEGORY (B_CATEGORY_NO,B_CATEGORY,B_CATEGORY_NAME) values ('BC00003','3','홍보게시판');
Insert into GROOMING.BCATEGORY (B_CATEGORY_NO,B_CATEGORY,B_CATEGORY_NAME) values ('BC00004','4','인증게시판');
Insert into GROOMING.BCATEGORY (B_CATEGORY_NO,B_CATEGORY,B_CATEGORY_NAME) values ('BC00005','5','Q&A게시판');

--------------------------------------------------------
Insert into GROOMING.MEMBER_LEVEL (LVL_NO,LVL_RANK,LVL_MAX_EXP) values ('LVL00001','1','100');
Insert into GROOMING.MEMBER_LEVEL (LVL_NO,LVL_RANK,LVL_MAX_EXP) values ('LVL00002','2','300');
Insert into GROOMING.MEMBER_LEVEL (LVL_NO,LVL_RANK,LVL_MAX_EXP) values ('LVL00003','3','900');
Insert into GROOMING.MEMBER_LEVEL (LVL_NO,LVL_RANK,LVL_MAX_EXP) values ('LVL00004','4','2700');
Insert into GROOMING.MEMBER_LEVEL (LVL_NO,LVL_RANK,LVL_MAX_EXP) values ('LVL00005','5','8100');
Insert into GROOMING.MEMBER_LEVEL (LVL_NO,LVL_RANK,LVL_MAX_EXP) values ('LVL00006','6','24300');
Insert into GROOMING.MEMBER_LEVEL (LVL_NO,LVL_RANK,LVL_MAX_EXP) values ('LVL00007','7','72900');
Insert into GROOMING.MEMBER_LEVEL (LVL_NO,LVL_RANK,LVL_MAX_EXP) values ('LVL00008','8','218700');
Insert into GROOMING.MEMBER_LEVEL (LVL_NO,LVL_RANK,LVL_MAX_EXP) values ('LVL00009','9','656100');
Insert into GROOMING.MEMBER_LEVEL (LVL_NO,LVL_RANK,LVL_MAX_EXP) values ('LVL00010','10','1968300');
Insert into GROOMING.MEMBER_LEVEL (LVL_NO,LVL_RANK,LVL_MAX_EXP) values ('LVL00011','11','5904900');
Insert into GROOMING.MEMBER_LEVEL (LVL_NO,LVL_RANK,LVL_MAX_EXP) values ('LVL00012','12','17714700');
Insert into GROOMING.MEMBER_LEVEL (LVL_NO,LVL_RANK,LVL_MAX_EXP) values ('LVL00013','13','53144100');
Insert into GROOMING.MEMBER_LEVEL (LVL_NO,LVL_RANK,LVL_MAX_EXP) values ('LVL00014','14','159432300');
Insert into GROOMING.MEMBER_LEVEL (LVL_NO,LVL_RANK,LVL_MAX_EXP) values ('LVL00015','15','478296900');

--------------------------------------------------------
Insert into GROOMING.SPEC_CATEGORY (SPEC_C_NO,SPEC_C_NAME) values ('SC00001','학교');
Insert into GROOMING.SPEC_CATEGORY (SPEC_C_NO,SPEC_C_NAME) values ('SC00002','자격증');
Insert into GROOMING.SPEC_CATEGORY (SPEC_C_NO,SPEC_C_NAME) values ('SC00003','경력');

--------------------------------------------------------
Insert into GROOMING.MEMBER (MEMBER_NO,MEMBER_EMAIL,MEMBER_PASSWORD,MEMBER_NICKNAME,MEMBER_NAME,MEMBER_GENDER,MEMBER_PHONE,LVL_NO,MEMBER_EXP,MEMBER_MEMO,MEMBER_PHOTO,MEMBER_ADMIN,MEMBER_STATUS,MEMBER_JOIN_DATE,MEMBER_KAKAO) values ('M00001','test1@kh.co.kr','$2a$10$K3PqvQH/pDtlKs/S94iMCuVuVAXb/ssi6GNtehjI/7z6R.n90Lcli','김용승','test1','F','01011111111','LVL00001',84,'NULL','M0000120200913194720.jpg','Y','N',to_date('20/07/13','RR/MM/DD'),'N');
Insert into GROOMING.MEMBER (MEMBER_NO,MEMBER_EMAIL,MEMBER_PASSWORD,MEMBER_NICKNAME,MEMBER_NAME,MEMBER_GENDER,MEMBER_PHONE,LVL_NO,MEMBER_EXP,MEMBER_MEMO,MEMBER_PHOTO,MEMBER_ADMIN,MEMBER_STATUS,MEMBER_JOIN_DATE,MEMBER_KAKAO) values ('M00004','test4@kh.co.kr','$2a$10$K3PqvQH/pDtlKs/S94iMCuVuVAXb/ssi6GNtehjI/7z6R.n90Lcli','김경남','test4','M','01011111114','LVL00004',87,'NULL','M0000420200913194808.jpg','N','N',to_date('20/07/16','RR/MM/DD'),'N');
Insert into GROOMING.MEMBER (MEMBER_NO,MEMBER_EMAIL,MEMBER_PASSWORD,MEMBER_NICKNAME,MEMBER_NAME,MEMBER_GENDER,MEMBER_PHONE,LVL_NO,MEMBER_EXP,MEMBER_MEMO,MEMBER_PHOTO,MEMBER_ADMIN,MEMBER_STATUS,MEMBER_JOIN_DATE,MEMBER_KAKAO) values ('M00005','test5@kh.co.kr','$2a$10$K3PqvQH/pDtlKs/S94iMCuVuVAXb/ssi6GNtehjI/7z6R.n90Lcli','김민환','test5','F','01011111115','LVL00005',58,'NULL','M0000520200913194823.jpg','N','N',to_date('20/07/17','RR/MM/DD'),'N');
Insert into GROOMING.MEMBER (MEMBER_NO,MEMBER_EMAIL,MEMBER_PASSWORD,MEMBER_NICKNAME,MEMBER_NAME,MEMBER_GENDER,MEMBER_PHONE,LVL_NO,MEMBER_EXP,MEMBER_MEMO,MEMBER_PHOTO,MEMBER_ADMIN,MEMBER_STATUS,MEMBER_JOIN_DATE,MEMBER_KAKAO) values ('M00006','test6@kh.co.kr','$2a$10$K3PqvQH/pDtlKs/S94iMCuVuVAXb/ssi6GNtehjI/7z6R.n90Lcli','김동원','test6','M','01011111116','LVL00006',89,'NULL','M0000620200913194839.jpg','N','N',to_date('20/07/18','RR/MM/DD'),'N');
Insert into GROOMING.MEMBER (MEMBER_NO,MEMBER_EMAIL,MEMBER_PASSWORD,MEMBER_NICKNAME,MEMBER_NAME,MEMBER_GENDER,MEMBER_PHONE,LVL_NO,MEMBER_EXP,MEMBER_MEMO,MEMBER_PHOTO,MEMBER_ADMIN,MEMBER_STATUS,MEMBER_JOIN_DATE,MEMBER_KAKAO) values ('M00007','test7@kh.co.kr','$2a$10$K3PqvQH/pDtlKs/S94iMCuVuVAXb/ssi6GNtehjI/7z6R.n90Lcli','권은진','test7','F','01011111117','LVL00007',60,'NULL','M0000720200913194902.jpg','N','N',to_date('20/07/19','RR/MM/DD'),'N');
Insert into GROOMING.MEMBER (MEMBER_NO,MEMBER_EMAIL,MEMBER_PASSWORD,MEMBER_NICKNAME,MEMBER_NAME,MEMBER_GENDER,MEMBER_PHONE,LVL_NO,MEMBER_EXP,MEMBER_MEMO,MEMBER_PHOTO,MEMBER_ADMIN,MEMBER_STATUS,MEMBER_JOIN_DATE,MEMBER_KAKAO) values ('M00008','test8@kh.co.kr','$2a$10$K3PqvQH/pDtlKs/S94iMCuVuVAXb/ssi6GNtehjI/7z6R.n90Lcli','김성훈','test8','M','01011111118','LVL00008',121,'NULL','M0000820200913194919.jpg','N','N',to_date('20/07/20','RR/MM/DD'),'N');
Insert into GROOMING.MEMBER (MEMBER_NO,MEMBER_EMAIL,MEMBER_PASSWORD,MEMBER_NICKNAME,MEMBER_NAME,MEMBER_GENDER,MEMBER_PHONE,LVL_NO,MEMBER_EXP,MEMBER_MEMO,MEMBER_PHOTO,MEMBER_ADMIN,MEMBER_STATUS,MEMBER_JOIN_DATE,MEMBER_KAKAO) values ('M00009','test9@kh.co.kr','$2a$10$K3PqvQH/pDtlKs/S94iMCuVuVAXb/ssi6GNtehjI/7z6R.n90Lcli','백승재','test9','F','01011111119','LVL00009',62,'NULL','M0000920200913194933.jpg','N','N',to_date('20/07/21','RR/MM/DD'),'N');
Insert into GROOMING.MEMBER (MEMBER_NO,MEMBER_EMAIL,MEMBER_PASSWORD,MEMBER_NICKNAME,MEMBER_NAME,MEMBER_GENDER,MEMBER_PHONE,LVL_NO,MEMBER_EXP,MEMBER_MEMO,MEMBER_PHOTO,MEMBER_ADMIN,MEMBER_STATUS,MEMBER_JOIN_DATE,MEMBER_KAKAO) values ('M00010','test10@kh.co.kr','$2a$10$K3PqvQH/pDtlKs/S94iMCuVuVAXb/ssi6GNtehjI/7z6R.n90Lcli','이아라','test10','M','01011111120','LVL00010',63,'NULL','M0001020200913194948.jpg','N','N',to_date('20/07/22','RR/MM/DD'),'N');
Insert into GROOMING.MEMBER (MEMBER_NO,MEMBER_EMAIL,MEMBER_PASSWORD,MEMBER_NICKNAME,MEMBER_NAME,MEMBER_GENDER,MEMBER_PHONE,LVL_NO,MEMBER_EXP,MEMBER_MEMO,MEMBER_PHOTO,MEMBER_ADMIN,MEMBER_STATUS,MEMBER_JOIN_DATE,MEMBER_KAKAO) values ('M00011','test11@kh.co.kr','$2a$10$K3PqvQH/pDtlKs/S94iMCuVuVAXb/ssi6GNtehjI/7z6R.n90Lcli','박재명','test11','F','01011111121','LVL00011',64,'NULL','M0001120200913195000.jpg','N','N',to_date('20/07/23','RR/MM/DD'),'N');
Insert into GROOMING.MEMBER (MEMBER_NO,MEMBER_EMAIL,MEMBER_PASSWORD,MEMBER_NICKNAME,MEMBER_NAME,MEMBER_GENDER,MEMBER_PHONE,LVL_NO,MEMBER_EXP,MEMBER_MEMO,MEMBER_PHOTO,MEMBER_ADMIN,MEMBER_STATUS,MEMBER_JOIN_DATE,MEMBER_KAKAO) values ('M00012','test12@kh.co.kr','$2a$10$K3PqvQH/pDtlKs/S94iMCuVuVAXb/ssi6GNtehjI/7z6R.n90Lcli','이수한','test12','M','01011111122','LVL00012',65,'NULL','M0001220200913195013.jpg','N','N',to_date('20/07/24','RR/MM/DD'),'N');
Insert into GROOMING.MEMBER (MEMBER_NO,MEMBER_EMAIL,MEMBER_PASSWORD,MEMBER_NICKNAME,MEMBER_NAME,MEMBER_GENDER,MEMBER_PHONE,LVL_NO,MEMBER_EXP,MEMBER_MEMO,MEMBER_PHOTO,MEMBER_ADMIN,MEMBER_STATUS,MEMBER_JOIN_DATE,MEMBER_KAKAO) values ('M00013','test13@kh.co.kr','$2a$10$K3PqvQH/pDtlKs/S94iMCuVuVAXb/ssi6GNtehjI/7z6R.n90Lcli','변진희','test13','F','01011111123','LVL00013',66,'NULL','M0001320200913195028.jpg','N','N',to_date('20/07/25','RR/MM/DD'),'N');
Insert into GROOMING.MEMBER (MEMBER_NO,MEMBER_EMAIL,MEMBER_PASSWORD,MEMBER_NICKNAME,MEMBER_NAME,MEMBER_GENDER,MEMBER_PHONE,LVL_NO,MEMBER_EXP,MEMBER_MEMO,MEMBER_PHOTO,MEMBER_ADMIN,MEMBER_STATUS,MEMBER_JOIN_DATE,MEMBER_KAKAO) values ('M00014','test14@kh.co.kr','$2a$10$K3PqvQH/pDtlKs/S94iMCuVuVAXb/ssi6GNtehjI/7z6R.n90Lcli','서민지','test14','M','01011111124','LVL00014',67,'NULL','M0001420200913195044.jpg','N','N',to_date('20/07/26','RR/MM/DD'),'N');
Insert into GROOMING.MEMBER (MEMBER_NO,MEMBER_EMAIL,MEMBER_PASSWORD,MEMBER_NICKNAME,MEMBER_NAME,MEMBER_GENDER,MEMBER_PHONE,LVL_NO,MEMBER_EXP,MEMBER_MEMO,MEMBER_PHOTO,MEMBER_ADMIN,MEMBER_STATUS,MEMBER_JOIN_DATE,MEMBER_KAKAO) values ('M00015','test15@kh.co.kr','$2a$10$K3PqvQH/pDtlKs/S94iMCuVuVAXb/ssi6GNtehjI/7z6R.n90Lcli','변승훈','test15','F','01011111125','LVL00015',68,'NULL','M0001520200913195204.jpg','N','N',to_date('20/07/27','RR/MM/DD'),'N');
Insert into GROOMING.MEMBER (MEMBER_NO,MEMBER_EMAIL,MEMBER_PASSWORD,MEMBER_NICKNAME,MEMBER_NAME,MEMBER_GENDER,MEMBER_PHONE,LVL_NO,MEMBER_EXP,MEMBER_MEMO,MEMBER_PHOTO,MEMBER_ADMIN,MEMBER_STATUS,MEMBER_JOIN_DATE,MEMBER_KAKAO) values ('M00016','test16@kh.co.kr','$2a$10$K3PqvQH/pDtlKs/S94iMCuVuVAXb/ssi6GNtehjI/7z6R.n90Lcli','정유진','test16','M','01011111126','LVL00001',69,'NULL','M0001620200913195220.jpg','N','N',to_date('20/07/28','RR/MM/DD'),'N');
Insert into GROOMING.MEMBER (MEMBER_NO,MEMBER_EMAIL,MEMBER_PASSWORD,MEMBER_NICKNAME,MEMBER_NAME,MEMBER_GENDER,MEMBER_PHONE,LVL_NO,MEMBER_EXP,MEMBER_MEMO,MEMBER_PHOTO,MEMBER_ADMIN,MEMBER_STATUS,MEMBER_JOIN_DATE,MEMBER_KAKAO) values ('M00017','test17@kh.co.kr','$2a$10$K3PqvQH/pDtlKs/S94iMCuVuVAXb/ssi6GNtehjI/7z6R.n90Lcli','서정완','test17','F','01011111127','LVL00002',70,'NULL','M0001720200913195232.jpg','N','N',to_date('20/07/29','RR/MM/DD'),'N');
Insert into GROOMING.MEMBER (MEMBER_NO,MEMBER_EMAIL,MEMBER_PASSWORD,MEMBER_NICKNAME,MEMBER_NAME,MEMBER_GENDER,MEMBER_PHONE,LVL_NO,MEMBER_EXP,MEMBER_MEMO,MEMBER_PHOTO,MEMBER_ADMIN,MEMBER_STATUS,MEMBER_JOIN_DATE,MEMBER_KAKAO) values ('M00018','test18@kh.co.kr','$2a$10$K3PqvQH/pDtlKs/S94iMCuVuVAXb/ssi6GNtehjI/7z6R.n90Lcli','도재환','test18','M','01011111128','LVL00003',71,'NULL','M0001820200913195249.jpg','N','N',to_date('20/07/30','RR/MM/DD'),'N');
Insert into GROOMING.MEMBER (MEMBER_NO,MEMBER_EMAIL,MEMBER_PASSWORD,MEMBER_NICKNAME,MEMBER_NAME,MEMBER_GENDER,MEMBER_PHONE,LVL_NO,MEMBER_EXP,MEMBER_MEMO,MEMBER_PHOTO,MEMBER_ADMIN,MEMBER_STATUS,MEMBER_JOIN_DATE,MEMBER_KAKAO) values ('M00019','test19@kh.co.kr','$2a$10$K3PqvQH/pDtlKs/S94iMCuVuVAXb/ssi6GNtehjI/7z6R.n90Lcli','곽호준','test19','F','01011111129','LVL00004',72,'NULL','MEMBER_SAMPLE_IMG.JPG','N','N',to_date('20/07/31','RR/MM/DD'),'N');
Insert into GROOMING.MEMBER (MEMBER_NO,MEMBER_EMAIL,MEMBER_PASSWORD,MEMBER_NICKNAME,MEMBER_NAME,MEMBER_GENDER,MEMBER_PHONE,LVL_NO,MEMBER_EXP,MEMBER_MEMO,MEMBER_PHOTO,MEMBER_ADMIN,MEMBER_STATUS,MEMBER_JOIN_DATE,MEMBER_KAKAO) values ('M00020','test20@kh.co.kr','$2a$10$K3PqvQH/pDtlKs/S94iMCuVuVAXb/ssi6GNtehjI/7z6R.n90Lcli','배혜린','test20','M','01011111130','LVL00005',73,'NULL','MEMBER_SAMPLE_IMG.JPG','N','N',to_date('20/08/01','RR/MM/DD'),'N');
Insert into GROOMING.MEMBER (MEMBER_NO,MEMBER_EMAIL,MEMBER_PASSWORD,MEMBER_NICKNAME,MEMBER_NAME,MEMBER_GENDER,MEMBER_PHONE,LVL_NO,MEMBER_EXP,MEMBER_MEMO,MEMBER_PHOTO,MEMBER_ADMIN,MEMBER_STATUS,MEMBER_JOIN_DATE,MEMBER_KAKAO) values ('M00021','test21@kh.co.kr','$2a$10$K3PqvQH/pDtlKs/S94iMCuVuVAXb/ssi6GNtehjI/7z6R.n90Lcli','박지민','test21','F','01011111131','LVL00006',74,'NULL','MEMBER_SAMPLE_IMG.JPG','N','N',to_date('20/08/02','RR/MM/DD'),'N');
Insert into GROOMING.MEMBER (MEMBER_NO,MEMBER_EMAIL,MEMBER_PASSWORD,MEMBER_NICKNAME,MEMBER_NAME,MEMBER_GENDER,MEMBER_PHONE,LVL_NO,MEMBER_EXP,MEMBER_MEMO,MEMBER_PHOTO,MEMBER_ADMIN,MEMBER_STATUS,MEMBER_JOIN_DATE,MEMBER_KAKAO) values ('M00022','test22@kh.co.kr','$2a$10$K3PqvQH/pDtlKs/S94iMCuVuVAXb/ssi6GNtehjI/7z6R.n90Lcli','오영은','test22','M','01011111132','LVL00007',135,'NULL','M0002220200913195138.jpg','N','N',to_date('20/08/03','RR/MM/DD'),'N');
Insert into GROOMING.MEMBER (MEMBER_NO,MEMBER_EMAIL,MEMBER_PASSWORD,MEMBER_NICKNAME,MEMBER_NAME,MEMBER_GENDER,MEMBER_PHONE,LVL_NO,MEMBER_EXP,MEMBER_MEMO,MEMBER_PHOTO,MEMBER_ADMIN,MEMBER_STATUS,MEMBER_JOIN_DATE,MEMBER_KAKAO) values ('M00023','test23@kh.co.kr','$2a$10$K3PqvQH/pDtlKs/S94iMCuVuVAXb/ssi6GNtehjI/7z6R.n90Lcli','이승기','test23','F','01011111133','LVL00008',76,'NULL','MEMBER_SAMPLE_IMG.JPG','N','N',to_date('20/08/04','RR/MM/DD'),'N');
Insert into GROOMING.MEMBER (MEMBER_NO,MEMBER_EMAIL,MEMBER_PASSWORD,MEMBER_NICKNAME,MEMBER_NAME,MEMBER_GENDER,MEMBER_PHONE,LVL_NO,MEMBER_EXP,MEMBER_MEMO,MEMBER_PHOTO,MEMBER_ADMIN,MEMBER_STATUS,MEMBER_JOIN_DATE,MEMBER_KAKAO) values ('M00024','test24@kh.co.kr','$2a$10$K3PqvQH/pDtlKs/S94iMCuVuVAXb/ssi6GNtehjI/7z6R.n90Lcli','에릭','test24','M','01011111134','LVL00009',77,'NULL','MEMBER_SAMPLE_IMG.JPG','N','N',to_date('20/08/05','RR/MM/DD'),'N');
Insert into GROOMING.MEMBER (MEMBER_NO,MEMBER_EMAIL,MEMBER_PASSWORD,MEMBER_NICKNAME,MEMBER_NAME,MEMBER_GENDER,MEMBER_PHONE,LVL_NO,MEMBER_EXP,MEMBER_MEMO,MEMBER_PHOTO,MEMBER_ADMIN,MEMBER_STATUS,MEMBER_JOIN_DATE,MEMBER_KAKAO) values ('M00025','test25@kh.co.kr','$2a$10$K3PqvQH/pDtlKs/S94iMCuVuVAXb/ssi6GNtehjI/7z6R.n90Lcli','봉지혜','test25','F','01011111135','LVL00010',78,'NULL','MEMBER_SAMPLE_IMG.JPG','N','N',to_date('20/08/06','RR/MM/DD'),'N');
Insert into GROOMING.MEMBER (MEMBER_NO,MEMBER_EMAIL,MEMBER_PASSWORD,MEMBER_NICKNAME,MEMBER_NAME,MEMBER_GENDER,MEMBER_PHONE,LVL_NO,MEMBER_EXP,MEMBER_MEMO,MEMBER_PHOTO,MEMBER_ADMIN,MEMBER_STATUS,MEMBER_JOIN_DATE,MEMBER_KAKAO) values ('M00026','qwe@qwe.qwe','$2a$10$K3PqvQH/pDtlKs/S94iMCuVuVAXb/ssi6GNtehjI/7z6R.n90Lcli','qwe',null,null,'01012341234','LVL00001',0,null,'MEMBER_SAMPLE_IMG.JPG','N','N',to_date('20/08/07','RR/MM/DD'),'N');
Insert into GROOMING.MEMBER (MEMBER_NO,MEMBER_EMAIL,MEMBER_PASSWORD,MEMBER_NICKNAME,MEMBER_NAME,MEMBER_GENDER,MEMBER_PHONE,LVL_NO,MEMBER_EXP,MEMBER_MEMO,MEMBER_PHOTO,MEMBER_ADMIN,MEMBER_STATUS,MEMBER_JOIN_DATE,MEMBER_KAKAO) values ('M00002','test2@kh.co.kr','$2a$10$K3PqvQH/pDtlKs/S94iMCuVuVAXb/ssi6GNtehjI/7z6R.n90Lcli','피터팬','test2','M','01011111112','LVL00002',85,'NULL','M0000220200913194739.jpg','N','N',to_date('20/07/14','RR/MM/DD'),'N');
Insert into GROOMING.MEMBER (MEMBER_NO,MEMBER_EMAIL,MEMBER_PASSWORD,MEMBER_NICKNAME,MEMBER_NAME,MEMBER_GENDER,MEMBER_PHONE,LVL_NO,MEMBER_EXP,MEMBER_MEMO,MEMBER_PHOTO,MEMBER_ADMIN,MEMBER_STATUS,MEMBER_JOIN_DATE,MEMBER_KAKAO) values ('M00003','test3@kh.co.kr','$2a$10$K3PqvQH/pDtlKs/S94iMCuVuVAXb/ssi6GNtehjI/7z6R.n90Lcli','강광산','test3','F','01011111113','LVL00003',56,'NULL','M0000320200913194754.jpg','N','N',to_date('20/07/15','RR/MM/DD'),'N');

--------------------------------------------------------
Insert into GROOMING.MENTOR (MENTOR_NO,MEMBER_NO,MENTOR_PASS) values ('MTR00001','M00001','Y');
Insert into GROOMING.MENTOR (MENTOR_NO,MEMBER_NO,MENTOR_PASS) values ('MTR00002','M00002','N');
Insert into GROOMING.MENTOR (MENTOR_NO,MEMBER_NO,MENTOR_PASS) values ('MTR00003','M00003','Y');
Insert into GROOMING.MENTOR (MENTOR_NO,MEMBER_NO,MENTOR_PASS) values ('MTR00004','M00004','N');
Insert into GROOMING.MENTOR (MENTOR_NO,MEMBER_NO,MENTOR_PASS) values ('MTR00005','M00005','Y');
Insert into GROOMING.MENTOR (MENTOR_NO,MEMBER_NO,MENTOR_PASS) values ('MTR00006','M00006','N');
Insert into GROOMING.MENTOR (MENTOR_NO,MEMBER_NO,MENTOR_PASS) values ('MTR00007','M00025','Y');
Insert into GROOMING.MENTOR (MENTOR_NO,MEMBER_NO,MENTOR_PASS) values ('MTR00008','M00018','Y');
Insert into GROOMING.MENTOR (MENTOR_NO,MEMBER_NO,MENTOR_PASS) values ('MTR00009','M00019','Y');
Insert into GROOMING.MENTOR (MENTOR_NO,MEMBER_NO,MENTOR_PASS) values ('MTR00010','M00020','Y');
Insert into GROOMING.MENTOR (MENTOR_NO,MEMBER_NO,MENTOR_PASS) values ('MTR00011','M00008','S');
Insert into GROOMING.MENTOR (MENTOR_NO,MEMBER_NO,MENTOR_PASS) values ('MTR00012','M00009','S');
Insert into GROOMING.MENTOR (MENTOR_NO,MEMBER_NO,MENTOR_PASS) values ('MTR00013','M00010','S');
Insert into GROOMING.MENTOR (MENTOR_NO,MEMBER_NO,MENTOR_PASS) values ('MTR00014','M00011','S');
Insert into GROOMING.MENTOR (MENTOR_NO,MEMBER_NO,MENTOR_PASS) values ('MTR00015','M00012','S');

--------------------------------------------------------
Insert into GROOMING.POINT (POINT_NO,MEMBER_NO,ADD_POINT,SUB_POINT,POINT_LIST,POINT_DATE) values ('P00001','M00001',100000,0,'포인트 충전',to_date('20/07/13','RR/MM/DD'));
Insert into GROOMING.POINT (POINT_NO,MEMBER_NO,ADD_POINT,SUB_POINT,POINT_LIST,POINT_DATE) values ('P00002','M00001',-2000,0,'카페 예약',to_date('20/07/13','RR/MM/DD'));
Insert into GROOMING.POINT (POINT_NO,MEMBER_NO,ADD_POINT,SUB_POINT,POINT_LIST,POINT_DATE) values ('P00003','M00002',10000,0,'포인트 충전',to_date('20/07/14','RR/MM/DD'));
Insert into GROOMING.POINT (POINT_NO,MEMBER_NO,ADD_POINT,SUB_POINT,POINT_LIST,POINT_DATE) values ('P00004','M00002',-2000,0,'카페 예약',to_date('20/07/14','RR/MM/DD'));
Insert into GROOMING.POINT (POINT_NO,MEMBER_NO,ADD_POINT,SUB_POINT,POINT_LIST,POINT_DATE) values ('P00005','M00003',100000,0,'포인트 충전',to_date('20/07/15','RR/MM/DD'));
Insert into GROOMING.POINT (POINT_NO,MEMBER_NO,ADD_POINT,SUB_POINT,POINT_LIST,POINT_DATE) values ('P00006','M00003',-2000,0,'카페 예약',to_date('20/07/15','RR/MM/DD'));
Insert into GROOMING.POINT (POINT_NO,MEMBER_NO,ADD_POINT,SUB_POINT,POINT_LIST,POINT_DATE) values ('P00007','M00004',10000,0,'포인트 충전',to_date('20/07/16','RR/MM/DD'));
Insert into GROOMING.POINT (POINT_NO,MEMBER_NO,ADD_POINT,SUB_POINT,POINT_LIST,POINT_DATE) values ('P00008','M00004',-2000,0,'카페 예약',to_date('20/07/16','RR/MM/DD'));
Insert into GROOMING.POINT (POINT_NO,MEMBER_NO,ADD_POINT,SUB_POINT,POINT_LIST,POINT_DATE) values ('P00009','M00005',100000,0,'포인트 충전',to_date('20/07/17','RR/MM/DD'));
Insert into GROOMING.POINT (POINT_NO,MEMBER_NO,ADD_POINT,SUB_POINT,POINT_LIST,POINT_DATE) values ('P00010','M00005',-2000,0,'카페 예약',to_date('20/07/17','RR/MM/DD'));
Insert into GROOMING.POINT (POINT_NO,MEMBER_NO,ADD_POINT,SUB_POINT,POINT_LIST,POINT_DATE) values ('P00011','M00006',10000,0,'포인트 충전',to_date('20/07/18','RR/MM/DD'));
Insert into GROOMING.POINT (POINT_NO,MEMBER_NO,ADD_POINT,SUB_POINT,POINT_LIST,POINT_DATE) values ('P00012','M00006',-2000,0,'카페 예약',to_date('20/07/18','RR/MM/DD'));
Insert into GROOMING.POINT (POINT_NO,MEMBER_NO,ADD_POINT,SUB_POINT,POINT_LIST,POINT_DATE) values ('P00013','M00007',100000,0,'포인트 충전',to_date('20/07/19','RR/MM/DD'));
Insert into GROOMING.POINT (POINT_NO,MEMBER_NO,ADD_POINT,SUB_POINT,POINT_LIST,POINT_DATE) values ('P00014','M00007',-2000,0,'카페 예약',to_date('20/07/20','RR/MM/DD'));
Insert into GROOMING.POINT (POINT_NO,MEMBER_NO,ADD_POINT,SUB_POINT,POINT_LIST,POINT_DATE) values ('P00015','M00008',10000,0,'포인트 충전',to_date('20/07/21','RR/MM/DD'));
Insert into GROOMING.POINT (POINT_NO,MEMBER_NO,ADD_POINT,SUB_POINT,POINT_LIST,POINT_DATE) values ('P00016','M00008',-2000,0,'카페 예약',to_date('20/07/21','RR/MM/DD'));

--------------------------------------------------------
Insert into GROOMING.MESSAGE (MESSAGE_NO,FROM_MEMBER_NO,TO_MEMBER_NO,MESSAGE_CONTENT,MESSAGE_DATE,FROM_M_CONFIRM,TO_M_CONFIRM) values ('MSG00001','M00001','M00002','안녕하세요.',to_date('20/07/14 02:58:00','RR/MM/DD HH24:MI:SS'),'N','N');
Insert into GROOMING.MESSAGE (MESSAGE_NO,FROM_MEMBER_NO,TO_MEMBER_NO,MESSAGE_CONTENT,MESSAGE_DATE,FROM_M_CONFIRM,TO_M_CONFIRM) values ('MSG00002','M00002','M00001','안녕하세요.',to_date('20/07/15 23:01:00','RR/MM/DD HH24:MI:SS'),'N','N');
Insert into GROOMING.MESSAGE (MESSAGE_NO,FROM_MEMBER_NO,TO_MEMBER_NO,MESSAGE_CONTENT,MESSAGE_DATE,FROM_M_CONFIRM,TO_M_CONFIRM) values ('MSG00003','M00001','M00003','안녕하세요.',to_date('20/07/17 02:03:00','RR/MM/DD HH24:MI:SS'),'N','N');
Insert into GROOMING.MESSAGE (MESSAGE_NO,FROM_MEMBER_NO,TO_MEMBER_NO,MESSAGE_CONTENT,MESSAGE_DATE,FROM_M_CONFIRM,TO_M_CONFIRM) values ('MSG00004','M00003','M00001','안녕하세요.',to_date('20/07/22 01:02:00','RR/MM/DD HH24:MI:SS'),'N','N');
Insert into GROOMING.MESSAGE (MESSAGE_NO,FROM_MEMBER_NO,TO_MEMBER_NO,MESSAGE_CONTENT,MESSAGE_DATE,FROM_M_CONFIRM,TO_M_CONFIRM) values ('MSG00005','M00004','M00001','안녕하세요.',to_date('20/08/12 11:32:18','RR/MM/DD HH24:MI:SS'),'N','N');
Insert into GROOMING.MESSAGE (MESSAGE_NO,FROM_MEMBER_NO,TO_MEMBER_NO,MESSAGE_CONTENT,MESSAGE_DATE,FROM_M_CONFIRM,TO_M_CONFIRM) values ('MSG00006','M00005','M00001','안녕하세요.',to_date('20/08/13 12:32:29','RR/MM/DD HH24:MI:SS'),'N','N');
Insert into GROOMING.MESSAGE (MESSAGE_NO,FROM_MEMBER_NO,TO_MEMBER_NO,MESSAGE_CONTENT,MESSAGE_DATE,FROM_M_CONFIRM,TO_M_CONFIRM) values ('MSG00007','M00006','M00001','안녕하세요.',to_date('20/08/14 12:32:33','RR/MM/DD HH24:MI:SS'),'N','N');
Insert into GROOMING.MESSAGE (MESSAGE_NO,FROM_MEMBER_NO,TO_MEMBER_NO,MESSAGE_CONTENT,MESSAGE_DATE,FROM_M_CONFIRM,TO_M_CONFIRM) values ('MSG00008','M00007','M00001','안녕하세요.',to_date('20/08/15 12:32:37','RR/MM/DD HH24:MI:SS'),'N','N');
Insert into GROOMING.MESSAGE (MESSAGE_NO,FROM_MEMBER_NO,TO_MEMBER_NO,MESSAGE_CONTENT,MESSAGE_DATE,FROM_M_CONFIRM,TO_M_CONFIRM) values ('MSG00009','M00008','M00001','안녕하세요.',to_date('20/08/16 12:32:41','RR/MM/DD HH24:MI:SS'),'N','N');
Insert into GROOMING.MESSAGE (MESSAGE_NO,FROM_MEMBER_NO,TO_MEMBER_NO,MESSAGE_CONTENT,MESSAGE_DATE,FROM_M_CONFIRM,TO_M_CONFIRM) values ('MSG00010','M00009','M00001','안녕하세요.',to_date('20/08/17 12:32:45','RR/MM/DD HH24:MI:SS'),'N','N');
Insert into GROOMING.MESSAGE (MESSAGE_NO,FROM_MEMBER_NO,TO_MEMBER_NO,MESSAGE_CONTENT,MESSAGE_DATE,FROM_M_CONFIRM,TO_M_CONFIRM) values ('MSG00011','M00010','M00001','안녕하세요.',to_date('20/08/18 12:32:50','RR/MM/DD HH24:MI:SS'),'N','N');
Insert into GROOMING.MESSAGE (MESSAGE_NO,FROM_MEMBER_NO,TO_MEMBER_NO,MESSAGE_CONTENT,MESSAGE_DATE,FROM_M_CONFIRM,TO_M_CONFIRM) values ('MSG00012','M00011','M00001','안녕하세요.',to_date('20/08/19 12:32:53','RR/MM/DD HH24:MI:SS'),'N','N');
Insert into GROOMING.MESSAGE (MESSAGE_NO,FROM_MEMBER_NO,TO_MEMBER_NO,MESSAGE_CONTENT,MESSAGE_DATE,FROM_M_CONFIRM,TO_M_CONFIRM) values ('MSG00013','M00012','M00001','안녕하세요.',to_date('20/08/20 12:32:59','RR/MM/DD HH24:MI:SS'),'N','N');
Insert into GROOMING.MESSAGE (MESSAGE_NO,FROM_MEMBER_NO,TO_MEMBER_NO,MESSAGE_CONTENT,MESSAGE_DATE,FROM_M_CONFIRM,TO_M_CONFIRM) values ('MSG00014','M00013','M00001','안녕하세요.',to_date('20/08/21 12:33:02','RR/MM/DD HH24:MI:SS'),'N','N');
Insert into GROOMING.MESSAGE (MESSAGE_NO,FROM_MEMBER_NO,TO_MEMBER_NO,MESSAGE_CONTENT,MESSAGE_DATE,FROM_M_CONFIRM,TO_M_CONFIRM) values ('MSG00015','M00014','M00001','안녕하세요.',to_date('20/08/22 12:33:05','RR/MM/DD HH24:MI:SS'),'N','N');
Insert into GROOMING.MESSAGE (MESSAGE_NO,FROM_MEMBER_NO,TO_MEMBER_NO,MESSAGE_CONTENT,MESSAGE_DATE,FROM_M_CONFIRM,TO_M_CONFIRM) values ('MSG00016','M00015','M00001','안녕하세요.',to_date('20/08/23 12:33:09','RR/MM/DD HH24:MI:SS'),'N','N');
Insert into GROOMING.MESSAGE (MESSAGE_NO,FROM_MEMBER_NO,TO_MEMBER_NO,MESSAGE_CONTENT,MESSAGE_DATE,FROM_M_CONFIRM,TO_M_CONFIRM) values ('MSG00017','M00016','M00001','안녕하세요.',to_date('20/08/24 12:33:00','RR/MM/DD HH24:MI:SS'),'N','N');
Insert into GROOMING.MESSAGE (MESSAGE_NO,FROM_MEMBER_NO,TO_MEMBER_NO,MESSAGE_CONTENT,MESSAGE_DATE,FROM_M_CONFIRM,TO_M_CONFIRM) values ('MSG00018','M00001','M00004','안녕하세요.',to_date('20/08/26 18:12:57','RR/MM/DD HH24:MI:SS'),'N','N');
Insert into GROOMING.MESSAGE (MESSAGE_NO,FROM_MEMBER_NO,TO_MEMBER_NO,MESSAGE_CONTENT,MESSAGE_DATE,FROM_M_CONFIRM,TO_M_CONFIRM) values ('MSG00019','M00001','M00005','안녕하세요.',to_date('20/08/26 18:12:53','RR/MM/DD HH24:MI:SS'),'N','N');
Insert into GROOMING.MESSAGE (MESSAGE_NO,FROM_MEMBER_NO,TO_MEMBER_NO,MESSAGE_CONTENT,MESSAGE_DATE,FROM_M_CONFIRM,TO_M_CONFIRM) values ('MSG00020','M00001','M00006','안녕하세요.',to_date('20/08/26 18:12:49','RR/MM/DD HH24:MI:SS'),'N','N');
Insert into GROOMING.MESSAGE (MESSAGE_NO,FROM_MEMBER_NO,TO_MEMBER_NO,MESSAGE_CONTENT,MESSAGE_DATE,FROM_M_CONFIRM,TO_M_CONFIRM) values ('MSG00021','M00001','M00007','안녕하세요.',to_date('20/08/26 18:12:44','RR/MM/DD HH24:MI:SS'),'N','N');
Insert into GROOMING.MESSAGE (MESSAGE_NO,FROM_MEMBER_NO,TO_MEMBER_NO,MESSAGE_CONTENT,MESSAGE_DATE,FROM_M_CONFIRM,TO_M_CONFIRM) values ('MSG00022','M00001','M00008','안녕하세요.',to_date('20/08/26 18:12:41','RR/MM/DD HH24:MI:SS'),'N','N');
Insert into GROOMING.MESSAGE (MESSAGE_NO,FROM_MEMBER_NO,TO_MEMBER_NO,MESSAGE_CONTENT,MESSAGE_DATE,FROM_M_CONFIRM,TO_M_CONFIRM) values ('MSG00023','M00001','M00009','안녕하세요.',to_date('20/08/26 18:12:36','RR/MM/DD HH24:MI:SS'),'N','N');
Insert into GROOMING.MESSAGE (MESSAGE_NO,FROM_MEMBER_NO,TO_MEMBER_NO,MESSAGE_CONTENT,MESSAGE_DATE,FROM_M_CONFIRM,TO_M_CONFIRM) values ('MSG00024','M00001','M00010','안녕하세요.',to_date('20/08/26 18:12:31','RR/MM/DD HH24:MI:SS'),'N','N');
Insert into GROOMING.MESSAGE (MESSAGE_NO,FROM_MEMBER_NO,TO_MEMBER_NO,MESSAGE_CONTENT,MESSAGE_DATE,FROM_M_CONFIRM,TO_M_CONFIRM) values ('MSG00025','M00001','M00011','안녕하세요.',to_date('20/08/26 18:12:22','RR/MM/DD HH24:MI:SS'),'N','N');
Insert into GROOMING.MESSAGE (MESSAGE_NO,FROM_MEMBER_NO,TO_MEMBER_NO,MESSAGE_CONTENT,MESSAGE_DATE,FROM_M_CONFIRM,TO_M_CONFIRM) values ('MSG00026','M00001','M00012','안녕하세요.',to_date('20/08/26 18:12:16','RR/MM/DD HH24:MI:SS'),'N','N');
Insert into GROOMING.MESSAGE (MESSAGE_NO,FROM_MEMBER_NO,TO_MEMBER_NO,MESSAGE_CONTENT,MESSAGE_DATE,FROM_M_CONFIRM,TO_M_CONFIRM) values ('MSG00027','M00001','M00013','안녕하세요.',to_date('20/08/26 18:12:06','RR/MM/DD HH24:MI:SS'),'N','N');
Insert into GROOMING.MESSAGE (MESSAGE_NO,FROM_MEMBER_NO,TO_MEMBER_NO,MESSAGE_CONTENT,MESSAGE_DATE,FROM_M_CONFIRM,TO_M_CONFIRM) values ('MSG00028','M00001','M00014','안녕하세요.',to_date('20/08/26 18:11:59','RR/MM/DD HH24:MI:SS'),'N','N');
Insert into GROOMING.MESSAGE (MESSAGE_NO,FROM_MEMBER_NO,TO_MEMBER_NO,MESSAGE_CONTENT,MESSAGE_DATE,FROM_M_CONFIRM,TO_M_CONFIRM) values ('MSG00029','M00001','M00015','안녕하세요.',to_date('20/08/26 18:11:40','RR/MM/DD HH24:MI:SS'),'N','N');
Insert into GROOMING.MESSAGE (MESSAGE_NO,FROM_MEMBER_NO,TO_MEMBER_NO,MESSAGE_CONTENT,MESSAGE_DATE,FROM_M_CONFIRM,TO_M_CONFIRM) values ('MSG00030','M00001','M00016','안녕하세요.',to_date('20/08/26 18:13:01','RR/MM/DD HH24:MI:SS'),'N','N');
Insert into GROOMING.MESSAGE (MESSAGE_NO,FROM_MEMBER_NO,TO_MEMBER_NO,MESSAGE_CONTENT,MESSAGE_DATE,FROM_M_CONFIRM,TO_M_CONFIRM) values ('MSG00031','M00001','M00017','안녕하세요.',to_date('20/08/26 18:13:06','RR/MM/DD HH24:MI:SS'),'N','N');
Insert into GROOMING.MESSAGE (MESSAGE_NO,FROM_MEMBER_NO,TO_MEMBER_NO,MESSAGE_CONTENT,MESSAGE_DATE,FROM_M_CONFIRM,TO_M_CONFIRM) values ('MSG00032','M00002','M00018','hi',SYSDATE - (INTERVAL '1' YEAR),'N','N');
Insert into GROOMING.MESSAGE (MESSAGE_NO,FROM_MEMBER_NO,TO_MEMBER_NO,MESSAGE_CONTENT,MESSAGE_DATE,FROM_M_CONFIRM,TO_M_CONFIRM) values ('MSG00033','M00002','M00019','hi',SYSDATE - (INTERVAL '1' MONTH),'N','N');
Insert into GROOMING.MESSAGE (MESSAGE_NO,FROM_MEMBER_NO,TO_MEMBER_NO,MESSAGE_CONTENT,MESSAGE_DATE,FROM_M_CONFIRM,TO_M_CONFIRM) values ('MSG00034','M00002','M00020','hi',SYSDATE - (INTERVAL '1' DAY),'N','N');
Insert into GROOMING.MESSAGE (MESSAGE_NO,FROM_MEMBER_NO,TO_MEMBER_NO,MESSAGE_CONTENT,MESSAGE_DATE,FROM_M_CONFIRM,TO_M_CONFIRM) values ('MSG00035','M00002','M00021','hi',SYSDATE - (INTERVAL '1' HOUR),'N','N');
Insert into GROOMING.MESSAGE (MESSAGE_NO,FROM_MEMBER_NO,TO_MEMBER_NO,MESSAGE_CONTENT,MESSAGE_DATE,FROM_M_CONFIRM,TO_M_CONFIRM) values ('MSG00036','M00002','M00022','hi',SYSDATE - (INTERVAL '10' MINUTE),'N','N');
Insert into GROOMING.MESSAGE (MESSAGE_NO,FROM_MEMBER_NO,TO_MEMBER_NO,MESSAGE_CONTENT,MESSAGE_DATE,FROM_M_CONFIRM,TO_M_CONFIRM) values ('MSG00037','M00002','M00023','hi',SYSDATE - (INTERVAL '1' SECOND),'N','N');


--------------------------------------------------------
Insert into GROOMING.SPEC (SPEC_NO,SPEC_C_NO,SPEC_NAME,SPEC_FILENAME,MEMBER_NO,SPEC_CONFIRM) values ('SPEC00001','SC00001','경희대학교','test.png','M00004','N');
Insert into GROOMING.SPEC (SPEC_NO,SPEC_C_NO,SPEC_NAME,SPEC_FILENAME,MEMBER_NO,SPEC_CONFIRM) values ('SPEC00002','SC00001','동국대학교','test.png','M00004','N');
Insert into GROOMING.SPEC (SPEC_NO,SPEC_C_NO,SPEC_NAME,SPEC_FILENAME,MEMBER_NO,SPEC_CONFIRM) values ('SPEC00003','SC00001','세종대학교','test.png','M00004','N');
Insert into GROOMING.SPEC (SPEC_NO,SPEC_C_NO,SPEC_NAME,SPEC_FILENAME,MEMBER_NO,SPEC_CONFIRM) values ('SPEC00004','SC00002','임상심리사2급','test.png','M00004','N');
Insert into GROOMING.SPEC (SPEC_NO,SPEC_C_NO,SPEC_NAME,SPEC_FILENAME,MEMBER_NO,SPEC_CONFIRM) values ('SPEC00005','SC00002','광학기사','test.png','M00004','N');
Insert into GROOMING.SPEC (SPEC_NO,SPEC_C_NO,SPEC_NAME,SPEC_FILENAME,MEMBER_NO,SPEC_CONFIRM) values ('SPEC00006','SC00003','(주)더본코리야-재경2팀','test.png','M00004','N');
Insert into GROOMING.SPEC (SPEC_NO,SPEC_C_NO,SPEC_NAME,SPEC_FILENAME,MEMBER_NO,SPEC_CONFIRM) values ('SPEC01001','SC00002','성적증명서','M0000120200913155725.jpg','M00001','Y');
Insert into GROOMING.SPEC (SPEC_NO,SPEC_C_NO,SPEC_NAME,SPEC_FILENAME,MEMBER_NO,SPEC_CONFIRM) values ('SPEC01002','SC00001','동국대학교','M0000320200913155838.jpg','M00003','Y');
Insert into GROOMING.SPEC (SPEC_NO,SPEC_C_NO,SPEC_NAME,SPEC_FILENAME,MEMBER_NO,SPEC_CONFIRM) values ('SPEC01003','SC00002','사무자동화산업기사','M0000320200913155855.png','M00003','Y');
Insert into GROOMING.SPEC (SPEC_NO,SPEC_C_NO,SPEC_NAME,SPEC_FILENAME,MEMBER_NO,SPEC_CONFIRM) values ('SPEC01004','SC00001','영남대학교','M0000520200913155935.jpg','M00005','Y');
Insert into GROOMING.SPEC (SPEC_NO,SPEC_C_NO,SPEC_NAME,SPEC_FILENAME,MEMBER_NO,SPEC_CONFIRM) values ('SPEC01005','SC00002','선행자격증','M0000520200913155952.png','M00005','Y');
Insert into GROOMING.SPEC (SPEC_NO,SPEC_C_NO,SPEC_NAME,SPEC_FILENAME,MEMBER_NO,SPEC_CONFIRM) values ('SPEC01006','SC00001','경북대학교','M0002520200913160059.jpg','M00025','Y');
Insert into GROOMING.SPEC (SPEC_NO,SPEC_C_NO,SPEC_NAME,SPEC_FILENAME,MEMBER_NO,SPEC_CONFIRM) values ('SPEC01007','SC00002','토익 스펙','M0002520200913160144.jpg','M00025','Y');
Insert into GROOMING.SPEC (SPEC_NO,SPEC_C_NO,SPEC_NAME,SPEC_FILENAME,MEMBER_NO,SPEC_CONFIRM) values ('SPEC01008','SC00003','이력서','M0002520200913160332.png','M00025','Y');
Insert into GROOMING.SPEC (SPEC_NO,SPEC_C_NO,SPEC_NAME,SPEC_FILENAME,MEMBER_NO,SPEC_CONFIRM) values ('SPEC01009','SC00003','이력서','M0002520200913160336.png','M00025','Y');
Insert into GROOMING.SPEC (SPEC_NO,SPEC_C_NO,SPEC_NAME,SPEC_FILENAME,MEMBER_NO,SPEC_CONFIRM) values ('SPEC00016','SC00001','명지대학교','test.png','M00012','N');
Insert into GROOMING.SPEC (SPEC_NO,SPEC_C_NO,SPEC_NAME,SPEC_FILENAME,MEMBER_NO,SPEC_CONFIRM) values ('SPEC00017','SC00002','토목기사','test.png','M00012','N');
Insert into GROOMING.SPEC (SPEC_NO,SPEC_C_NO,SPEC_NAME,SPEC_FILENAME,MEMBER_NO,SPEC_CONFIRM) values ('SPEC00018','SC00001','광운대학교','test.png','M00014','N');
Insert into GROOMING.SPEC (SPEC_NO,SPEC_C_NO,SPEC_NAME,SPEC_FILENAME,MEMBER_NO,SPEC_CONFIRM) values ('SPEC00019','SC00002','화공기사','test.png','M00017','N');
Insert into GROOMING.SPEC (SPEC_NO,SPEC_C_NO,SPEC_NAME,SPEC_FILENAME,MEMBER_NO,SPEC_CONFIRM) values ('SPEC00020','SC00002','화공기술사','test.png','M00017','N');
Insert into GROOMING.SPEC (SPEC_NO,SPEC_C_NO,SPEC_NAME,SPEC_FILENAME,MEMBER_NO,SPEC_CONFIRM) values ('SPEC00021','SC00003','(주)오토닉스-광학 개발팀','test.png','M00017','N');
Insert into GROOMING.SPEC (SPEC_NO,SPEC_C_NO,SPEC_NAME,SPEC_FILENAME,MEMBER_NO,SPEC_CONFIRM) values ('SPEC00022','SC00003','(주)인터파크큐브릿지-웹프로그래머','test.png','M00017','N');
Insert into GROOMING.SPEC (SPEC_NO,SPEC_C_NO,SPEC_NAME,SPEC_FILENAME,MEMBER_NO,SPEC_CONFIRM) values ('SPEC01010','SC00003','이력서','M0002520200913160347.png','M00025','Y');
Insert into GROOMING.SPEC (SPEC_NO,SPEC_C_NO,SPEC_NAME,SPEC_FILENAME,MEMBER_NO,SPEC_CONFIRM) values ('SPEC01011','SC00002','학교상담사','M0001820200913160705.jpg','M00018','Y');
Insert into GROOMING.SPEC (SPEC_NO,SPEC_C_NO,SPEC_NAME,SPEC_FILENAME,MEMBER_NO,SPEC_CONFIRM) values ('SPEC01012','SC00002','한자지도사','M0001920200913160746.jpg','M00019','Y');
Insert into GROOMING.SPEC (SPEC_NO,SPEC_C_NO,SPEC_NAME,SPEC_FILENAME,MEMBER_NO,SPEC_CONFIRM) values ('SPEC01013','SC00002','sw 테스트 전문가 자격증','M0002020200913160827.jpg','M00020','Y');
Insert into GROOMING.SPEC (SPEC_NO,SPEC_C_NO,SPEC_NAME,SPEC_FILENAME,MEMBER_NO,SPEC_CONFIRM) values ('SPEC01000','SC00001','건국대학교','M0000120200913155612.jpg','M00001','Y');
--------------------------------------------------------
Insert into GROOMING.ALERT (ALERT_NO,MEMBER_NO,ALERT_CONTENT,ALERT_CREATEDATE,ALERT_CONFIRM) values ('ALE00001','M00001','회원 가입을 환영합니다.',to_date('20/07/13 01:01:00','RR/MM/DD HH24:MI:SS'),'N');
Insert into GROOMING.ALERT (ALERT_NO,MEMBER_NO,ALERT_CONTENT,ALERT_CREATEDATE,ALERT_CONFIRM) values ('ALE00002','M00002','회원 가입을 환영합니다.',to_date('20/07/14 02:02:00','RR/MM/DD HH24:MI:SS'),'N');
Insert into GROOMING.ALERT (ALERT_NO,MEMBER_NO,ALERT_CONTENT,ALERT_CREATEDATE,ALERT_CONFIRM) values ('ALE00003','M00003','회원 가입을 환영합니다.',to_date('20/07/15 03:03:00','RR/MM/DD HH24:MI:SS'),'N');
Insert into GROOMING.ALERT (ALERT_NO,MEMBER_NO,ALERT_CONTENT,ALERT_CREATEDATE,ALERT_CONFIRM) values ('ALE00004','M00004','회원 가입을 환영합니다.',to_date('20/07/16 04:04:00','RR/MM/DD HH24:MI:SS'),'N');
Insert into GROOMING.ALERT (ALERT_NO,MEMBER_NO,ALERT_CONTENT,ALERT_CREATEDATE,ALERT_CONFIRM) values ('ALE00005','M00005','회원 가입을 환영합니다.',to_date('20/07/17 00:05:00','RR/MM/DD HH24:MI:SS'),'N');
Insert into GROOMING.ALERT (ALERT_NO,MEMBER_NO,ALERT_CONTENT,ALERT_CREATEDATE,ALERT_CONFIRM) values ('ALE00006','M00006','회원 가입을 환영합니다.',to_date('20/07/18 00:06:00','RR/MM/DD HH24:MI:SS'),'N');
Insert into GROOMING.ALERT (ALERT_NO,MEMBER_NO,ALERT_CONTENT,ALERT_CREATEDATE,ALERT_CONFIRM) values ('ALE00007','M00007','회원 가입을 환영합니다.',to_date('20/07/19 00:07:00','RR/MM/DD HH24:MI:SS'),'N');
Insert into GROOMING.ALERT (ALERT_NO,MEMBER_NO,ALERT_CONTENT,ALERT_CREATEDATE,ALERT_CONFIRM) values ('ALE00008','M00008','회원 가입을 환영합니다.',to_date('20/07/20 00:08:00','RR/MM/DD HH24:MI:SS'),'N');
Insert into GROOMING.ALERT (ALERT_NO,MEMBER_NO,ALERT_CONTENT,ALERT_CREATEDATE,ALERT_CONFIRM) values ('ALE00009','M00009','회원 가입을 환영합니다.',to_date('20/07/21 00:09:00','RR/MM/DD HH24:MI:SS'),'N');
Insert into GROOMING.ALERT (ALERT_NO,MEMBER_NO,ALERT_CONTENT,ALERT_CREATEDATE,ALERT_CONFIRM) values ('ALE00010','M00010','회원 가입을 환영합니다.',to_date('20/07/22 00:10:00','RR/MM/DD HH24:MI:SS'),'N');
Insert into GROOMING.ALERT (ALERT_NO,MEMBER_NO,ALERT_CONTENT,ALERT_CREATEDATE,ALERT_CONFIRM) values ('ALE00011','M00011','회원 가입을 환영합니다.',to_date('20/07/23 00:11:00','RR/MM/DD HH24:MI:SS'),'N');
Insert into GROOMING.ALERT (ALERT_NO,MEMBER_NO,ALERT_CONTENT,ALERT_CREATEDATE,ALERT_CONFIRM) values ('ALE00012','M00012','회원 가입을 환영합니다.',to_date('20/07/24 00:12:00','RR/MM/DD HH24:MI:SS'),'N');
Insert into GROOMING.ALERT (ALERT_NO,MEMBER_NO,ALERT_CONTENT,ALERT_CREATEDATE,ALERT_CONFIRM) values ('ALE00013','M00013','회원 가입을 환영합니다.',to_date('20/07/25 00:13:00','RR/MM/DD HH24:MI:SS'),'N');
Insert into GROOMING.ALERT (ALERT_NO,MEMBER_NO,ALERT_CONTENT,ALERT_CREATEDATE,ALERT_CONFIRM) values ('ALE00014','M00014','회원 가입을 환영합니다.',to_date('20/07/26 00:14:00','RR/MM/DD HH24:MI:SS'),'N');
Insert into GROOMING.ALERT (ALERT_NO,MEMBER_NO,ALERT_CONTENT,ALERT_CREATEDATE,ALERT_CONFIRM) values ('ALE00015','M00015','회원 가입을 환영합니다.',to_date('20/07/27 00:15:00','RR/MM/DD HH24:MI:SS'),'N');
Insert into GROOMING.ALERT (ALERT_NO,MEMBER_NO,ALERT_CONTENT,ALERT_CREATEDATE,ALERT_CONFIRM) values ('ALE00016','M00016','회원 가입을 환영합니다.',to_date('20/07/28 00:16:00','RR/MM/DD HH24:MI:SS'),'N');
Insert into GROOMING.ALERT (ALERT_NO,MEMBER_NO,ALERT_CONTENT,ALERT_CREATEDATE,ALERT_CONFIRM) values ('ALE00017','M00017','회원 가입을 환영합니다.',to_date('20/07/29 00:17:00','RR/MM/DD HH24:MI:SS'),'N');
Insert into GROOMING.ALERT (ALERT_NO,MEMBER_NO,ALERT_CONTENT,ALERT_CREATEDATE,ALERT_CONFIRM) values ('ALE00018','M00018','회원 가입을 환영합니다.',to_date('20/07/30 00:18:00','RR/MM/DD HH24:MI:SS'),'N');
Insert into GROOMING.ALERT (ALERT_NO,MEMBER_NO,ALERT_CONTENT,ALERT_CREATEDATE,ALERT_CONFIRM) values ('ALE00019','M00019','회원 가입을 환영합니다.',to_date('20/07/31 00:19:00','RR/MM/DD HH24:MI:SS'),'N');
Insert into GROOMING.ALERT (ALERT_NO,MEMBER_NO,ALERT_CONTENT,ALERT_CREATEDATE,ALERT_CONFIRM) values ('ALE00020','M00020','회원 가입을 환영합니다.',to_date('20/08/01 00:20:00','RR/MM/DD HH24:MI:SS'),'N');
Insert into GROOMING.ALERT (ALERT_NO,MEMBER_NO,ALERT_CONTENT,ALERT_CREATEDATE,ALERT_CONFIRM) values ('ALE00021','M00021','회원 가입을 환영합니다.',to_date('20/08/02 00:21:00','RR/MM/DD HH24:MI:SS'),'N');
Insert into GROOMING.ALERT (ALERT_NO,MEMBER_NO,ALERT_CONTENT,ALERT_CREATEDATE,ALERT_CONFIRM) values ('ALE00022','M00022','회원 가입을 환영합니다.',to_date('20/08/03 00:22:00','RR/MM/DD HH24:MI:SS'),'N');
Insert into GROOMING.ALERT (ALERT_NO,MEMBER_NO,ALERT_CONTENT,ALERT_CREATEDATE,ALERT_CONFIRM) values ('ALE00023','M00023','회원 가입을 환영합니다.',to_date('20/08/04 00:23:00','RR/MM/DD HH24:MI:SS'),'N');
Insert into GROOMING.ALERT (ALERT_NO,MEMBER_NO,ALERT_CONTENT,ALERT_CREATEDATE,ALERT_CONFIRM) values ('ALE00024','M00024','회원 가입을 환영합니다.',to_date('20/08/05 00:24:00','RR/MM/DD HH24:MI:SS'),'N');
Insert into GROOMING.ALERT (ALERT_NO,MEMBER_NO,ALERT_CONTENT,ALERT_CREATEDATE,ALERT_CONFIRM) values ('ALE00025','M00025','회원 가입을 환영합니다.',to_date('20/08/06 00:25:00','RR/MM/DD HH24:MI:SS'),'N');
Insert into GROOMING.ALERT (ALERT_NO,MEMBER_NO,ALERT_CONTENT,ALERT_CREATEDATE,ALERT_CONFIRM) values ('ALE00026','M00002','축하합니다. 레벨업하셨습니다.',to_date('20/07/14 00:26:00','RR/MM/DD HH24:MI:SS'),'N');
Insert into GROOMING.ALERT (ALERT_NO,MEMBER_NO,ALERT_CONTENT,ALERT_CREATEDATE,ALERT_CONFIRM) values ('ALE00027','M00003','축하합니다. 레벨업하셨습니다.',to_date('20/07/15 00:27:00','RR/MM/DD HH24:MI:SS'),'N');
Insert into GROOMING.ALERT (ALERT_NO,MEMBER_NO,ALERT_CONTENT,ALERT_CREATEDATE,ALERT_CONFIRM) values ('ALE00028','M00004','축하합니다. 레벨업하셨습니다.',to_date('20/07/16 00:28:00','RR/MM/DD HH24:MI:SS'),'N');
Insert into GROOMING.ALERT (ALERT_NO,MEMBER_NO,ALERT_CONTENT,ALERT_CREATEDATE,ALERT_CONFIRM) values ('ALE00029','M00005','축하합니다. 레벨업하셨습니다.',to_date('20/07/17 00:29:00','RR/MM/DD HH24:MI:SS'),'N');
Insert into GROOMING.ALERT (ALERT_NO,MEMBER_NO,ALERT_CONTENT,ALERT_CREATEDATE,ALERT_CONFIRM) values ('ALE00030','M00001','TEST 1',to_date('20/08/26 18:17:53','RR/MM/DD HH24:MI:SS'),'N');
Insert into GROOMING.ALERT (ALERT_NO,MEMBER_NO,ALERT_CONTENT,ALERT_CREATEDATE,ALERT_CONFIRM) values ('ALE00031','M00001','TEST 2',to_date('20/08/26 18:17:56','RR/MM/DD HH24:MI:SS'),'N');
Insert into GROOMING.ALERT (ALERT_NO,MEMBER_NO,ALERT_CONTENT,ALERT_CREATEDATE,ALERT_CONFIRM) values ('ALE00032','M00001','TEST 3',to_date('20/08/26 18:18:00','RR/MM/DD HH24:MI:SS'),'N');
Insert into GROOMING.ALERT (ALERT_NO,MEMBER_NO,ALERT_CONTENT,ALERT_CREATEDATE,ALERT_CONFIRM) values ('ALE00033','M00001','TEST 4.',to_date('20/08/26 18:18:04','RR/MM/DD HH24:MI:SS'),'N');
Insert into GROOMING.ALERT (ALERT_NO,MEMBER_NO,ALERT_CONTENT,ALERT_CREATEDATE,ALERT_CONFIRM) values ('ALE00034','M00001','TEST 5',to_date('20/08/26 18:18:07','RR/MM/DD HH24:MI:SS'),'N');


--------------------------------------------------------



Insert into GROOMING.BOARD (BOARD_NO,MEMBER_NO,B_CATEGORY_NO,BOARD_TITLE,BOARD_CONTENT,BOARD_CREATE_DATE,BOARD_MODIFY_DATE,BOARD_VCOUNT,BOARD_GCOUNT,BOARD_STATUS,BOARD_REPLY_STATUS,BOARD_SELEC_STATUS,BOARD_IMG) values ('B00001','M00001','BC00001','공지사항','광고및 성인물 관련 내용을 포함한 게시물을 금지합니다',to_date('14/07/13','RR/MM/DD'),to_date('14/07/13','RR/MM/DD'),15,0,'Y','N','N',null);
Insert into GROOMING.BOARD (BOARD_NO,MEMBER_NO,B_CATEGORY_NO,BOARD_TITLE,BOARD_CONTENT,BOARD_CREATE_DATE,BOARD_MODIFY_DATE,BOARD_VCOUNT,BOARD_GCOUNT,BOARD_STATUS,BOARD_REPLY_STATUS,BOARD_SELEC_STATUS,BOARD_IMG) values ('B00002','M00001','BC00002','자유게시판','자유게시판 입니다.',to_date('14/07/13','RR/MM/DD'),to_date('14/07/13','RR/MM/DD'),14,0,'Y','N','N',null);
Insert into GROOMING.BOARD (BOARD_NO,MEMBER_NO,B_CATEGORY_NO,BOARD_TITLE,BOARD_CONTENT,BOARD_CREATE_DATE,BOARD_MODIFY_DATE,BOARD_VCOUNT,BOARD_GCOUNT,BOARD_STATUS,BOARD_REPLY_STATUS,BOARD_SELEC_STATUS,BOARD_IMG) values ('B00003','M00001','BC00003','홍보게시판','홍보게시판 입니다.',to_date('14/07/13','RR/MM/DD'),to_date('14/07/13','RR/MM/DD'),10,0,'Y','N','N',null);
Insert into GROOMING.BOARD (BOARD_NO,MEMBER_NO,B_CATEGORY_NO,BOARD_TITLE,BOARD_CONTENT,BOARD_CREATE_DATE,BOARD_MODIFY_DATE,BOARD_VCOUNT,BOARD_GCOUNT,BOARD_STATUS,BOARD_REPLY_STATUS,BOARD_SELEC_STATUS,BOARD_IMG) values ('B00004','M00001','BC00004','인증게시판','인증게시판 입니다.',to_date('14/07/13','RR/MM/DD'),to_date('14/07/13','RR/MM/DD'),19,0,'Y','N','N',null);
Insert into GROOMING.BOARD (BOARD_NO,MEMBER_NO,B_CATEGORY_NO,BOARD_TITLE,BOARD_CONTENT,BOARD_CREATE_DATE,BOARD_MODIFY_DATE,BOARD_VCOUNT,BOARD_GCOUNT,BOARD_STATUS,BOARD_REPLY_STATUS,BOARD_SELEC_STATUS,BOARD_IMG) values ('B00005','M00001','BC00005','Q&A게시판','Q&A게시판 입니다.',to_date('14/07/13','RR/MM/DD'),to_date('14/07/13','RR/MM/DD'),16,0,'Y','N','N',null);
Insert into GROOMING.BOARD (BOARD_NO,MEMBER_NO,B_CATEGORY_NO,BOARD_TITLE,BOARD_CONTENT,BOARD_CREATE_DATE,BOARD_MODIFY_DATE,BOARD_VCOUNT,BOARD_GCOUNT,BOARD_STATUS,BOARD_REPLY_STATUS,BOARD_SELEC_STATUS,BOARD_IMG) values ('B01113','M00005','BC00002','집하고 1분거리인 스터디카페','<p>가격은 비싸지만 .... 가끔 가도 좋을듯해요</p>',to_date('19/10/13','RR/MM/DD'),to_date('19/10/13','RR/MM/DD'),0,0,'Y','N','N',null);
Insert into GROOMING.BOARD (BOARD_NO,MEMBER_NO,B_CATEGORY_NO,BOARD_TITLE,BOARD_CONTENT,BOARD_CREATE_DATE,BOARD_MODIFY_DATE,BOARD_VCOUNT,BOARD_GCOUNT,BOARD_STATUS,BOARD_REPLY_STATUS,BOARD_SELEC_STATUS,BOARD_IMG) values ('B01096','M00009','BC00002','여기는 뭐하는 사이트죠?','<p>궁금~</p>',to_date('19/12/11','RR/MM/DD'),to_date('19/12/11','RR/MM/DD'),0,0,'Y','N','N',null);
Insert into GROOMING.BOARD (BOARD_NO,MEMBER_NO,B_CATEGORY_NO,BOARD_TITLE,BOARD_CONTENT,BOARD_CREATE_DATE,BOARD_MODIFY_DATE,BOARD_VCOUNT,BOARD_GCOUNT,BOARD_STATUS,BOARD_REPLY_STATUS,BOARD_SELEC_STATUS,BOARD_IMG) values ('B01117','M00017','BC00002','먼 미래엔 로봇이 다일해주는데...','<p>걱정되요</p>',to_date('19/12/13','RR/MM/DD'),to_date('19/12/13','RR/MM/DD'),0,0,'Y','N','N',null);
Insert into GROOMING.BOARD (BOARD_NO,MEMBER_NO,B_CATEGORY_NO,BOARD_TITLE,BOARD_CONTENT,BOARD_CREATE_DATE,BOARD_MODIFY_DATE,BOARD_VCOUNT,BOARD_GCOUNT,BOARD_STATUS,BOARD_REPLY_STATUS,BOARD_SELEC_STATUS,BOARD_IMG) values ('B01104','M00015','BC00002','자유게시판은 말그대로 아무거나 쓰기~','<p>웅웅!</p>',to_date('20/01/13','RR/MM/DD'),to_date('20/01/13','RR/MM/DD'),0,0,'Y','N','N',null);
Insert into GROOMING.BOARD (BOARD_NO,MEMBER_NO,B_CATEGORY_NO,BOARD_TITLE,BOARD_CONTENT,BOARD_CREATE_DATE,BOARD_MODIFY_DATE,BOARD_VCOUNT,BOARD_GCOUNT,BOARD_STATUS,BOARD_REPLY_STATUS,BOARD_SELEC_STATUS,BOARD_IMG) values ('B01111','M00014','BC00002','면접 보고 왔는데 너무 고민이네요','<p>찾아보니 그닥 좋은회사가 아니리서 고민이에요</p>',to_date('20/01/23','RR/MM/DD'),to_date('20/01/23','RR/MM/DD'),8,0,'Y','N','N',null);
Insert into GROOMING.BOARD (BOARD_NO,MEMBER_NO,B_CATEGORY_NO,BOARD_TITLE,BOARD_CONTENT,BOARD_CREATE_DATE,BOARD_MODIFY_DATE,BOARD_VCOUNT,BOARD_GCOUNT,BOARD_STATUS,BOARD_REPLY_STATUS,BOARD_SELEC_STATUS,BOARD_IMG) values ('B01123','M00008','BC00002','오늘은 햇빛이 쨍쨍','<p>더웠다가 추웠다가 비왔다가 안왔다가</p><p><br></p>',to_date('20/02/13','RR/MM/DD'),to_date('20/02/13','RR/MM/DD'),0,0,'Y','N','N',null);
Insert into GROOMING.BOARD (BOARD_NO,MEMBER_NO,B_CATEGORY_NO,BOARD_TITLE,BOARD_CONTENT,BOARD_CREATE_DATE,BOARD_MODIFY_DATE,BOARD_VCOUNT,BOARD_GCOUNT,BOARD_STATUS,BOARD_REPLY_STATUS,BOARD_SELEC_STATUS,BOARD_IMG) values ('B01115','M00008','BC00002','코드는 다양하고 이쁘다~','<p>줄맞춰야 이쁘지~</p>',to_date('20/02/13','RR/MM/DD'),to_date('20/02/13','RR/MM/DD'),1,0,'Y','N','N',null);
Insert into GROOMING.BOARD (BOARD_NO,MEMBER_NO,B_CATEGORY_NO,BOARD_TITLE,BOARD_CONTENT,BOARD_CREATE_DATE,BOARD_MODIFY_DATE,BOARD_VCOUNT,BOARD_GCOUNT,BOARD_STATUS,BOARD_REPLY_STATUS,BOARD_SELEC_STATUS,BOARD_IMG) values ('B01105','M00017','BC00002','어떤것을 적어볼까요?!','<p>으음...?!</p>',to_date('20/02/20','RR/MM/DD'),to_date('20/02/20','RR/MM/DD'),0,0,'Y','N','N',null);
Insert into GROOMING.BOARD (BOARD_NO,MEMBER_NO,B_CATEGORY_NO,BOARD_TITLE,BOARD_CONTENT,BOARD_CREATE_DATE,BOARD_MODIFY_DATE,BOARD_VCOUNT,BOARD_GCOUNT,BOARD_STATUS,BOARD_REPLY_STATUS,BOARD_SELEC_STATUS,BOARD_IMG) values ('B01086','M00025','BC00002','그냥 주저리 한번 해봅니다 ㅋㅋ','<p style="margin-right: 0px; margin-bottom: 10px; margin-left: 0px; color: rgb(51, 51, 51); font-family: &quot;Helvetica Neue&quot;, Helvetica, Arial, &quot;Apple SD Gothic Neo&quot;, &quot;Malgun Gothic&quot;, Dotdum; font-size: 14px;">서비스 장애 조사때문에 3일 내내 30시간을 SSL서버 로그만 들여다 보니,</p><p style="margin-right: 0px; margin-bottom: 10px; margin-left: 0px; color: rgb(51, 51, 51); font-family: &quot;Helvetica Neue&quot;, Helvetica, Arial, &quot;Apple SD Gothic Neo&quot;, &quot;Malgun Gothic&quot;, Dotdum; font-size: 14px;">내가 지금 뭘하고 있는가, 난 누구지? 이건 뭐하는건가～ 하고 정신이 혼미해지네요..</p><p style="margin-right: 0px; margin-bottom: 10px; margin-left: 0px; color: rgb(51, 51, 51); font-family: &quot;Helvetica Neue&quot;, Helvetica, Arial, &quot;Apple SD Gothic Neo&quot;, &quot;Malgun Gothic&quot;, Dotdum; font-size: 14px;">ㅋㅋㅋ...&nbsp; 부장님 살려주세요...</p>',to_date('20/03/12','RR/MM/DD'),to_date('20/03/12','RR/MM/DD'),1,0,'Y','N','N',null);
Insert into GROOMING.BOARD (BOARD_NO,MEMBER_NO,B_CATEGORY_NO,BOARD_TITLE,BOARD_CONTENT,BOARD_CREATE_DATE,BOARD_MODIFY_DATE,BOARD_VCOUNT,BOARD_GCOUNT,BOARD_STATUS,BOARD_REPLY_STATUS,BOARD_SELEC_STATUS,BOARD_IMG) values ('B01125','M00002','BC00002','요즘은 일이 없어요....','<p>한가하다고 좋은게 아닌데 말이죠</p>',to_date('20/03/13','RR/MM/DD'),to_date('20/03/13','RR/MM/DD'),0,0,'Y','N','N',null);
Insert into GROOMING.BOARD (BOARD_NO,MEMBER_NO,B_CATEGORY_NO,BOARD_TITLE,BOARD_CONTENT,BOARD_CREATE_DATE,BOARD_MODIFY_DATE,BOARD_VCOUNT,BOARD_GCOUNT,BOARD_STATUS,BOARD_REPLY_STATUS,BOARD_SELEC_STATUS,BOARD_IMG) values ('B01126','M00018','BC00002','너무 아쉽습니다...','<p>만족스럽지 못한 결과물이에요ㅜㅜㅜㅜㅜ 너무....속상합니다</p>',to_date('20/03/14','RR/MM/DD'),to_date('20/03/14','RR/MM/DD'),0,0,'Y','N','N',null);
Insert into GROOMING.BOARD (BOARD_NO,MEMBER_NO,B_CATEGORY_NO,BOARD_TITLE,BOARD_CONTENT,BOARD_CREATE_DATE,BOARD_MODIFY_DATE,BOARD_VCOUNT,BOARD_GCOUNT,BOARD_STATUS,BOARD_REPLY_STATUS,BOARD_SELEC_STATUS,BOARD_IMG) values ('B01116','M00011','BC00002','강남역은 커피값이 비싸다','<p>밥값도 비싸서 너무 힘드네요 ㅠㅠ흑</p>',to_date('20/03/29','RR/MM/DD'),to_date('20/03/29','RR/MM/DD'),2,0,'Y','N','N',null);
Insert into GROOMING.BOARD (BOARD_NO,MEMBER_NO,B_CATEGORY_NO,BOARD_TITLE,BOARD_CONTENT,BOARD_CREATE_DATE,BOARD_MODIFY_DATE,BOARD_VCOUNT,BOARD_GCOUNT,BOARD_STATUS,BOARD_REPLY_STATUS,BOARD_SELEC_STATUS,BOARD_IMG) values ('B01106','M00019','BC00002','마스크 답답해요','<p>마스크 언제쯤 안쓰는 날이 올까요?</p>',to_date('20/03/30','RR/MM/DD'),to_date('20/03/30','RR/MM/DD'),0,0,'Y','N','N',null);
Insert into GROOMING.BOARD (BOARD_NO,MEMBER_NO,B_CATEGORY_NO,BOARD_TITLE,BOARD_CONTENT,BOARD_CREATE_DATE,BOARD_MODIFY_DATE,BOARD_VCOUNT,BOARD_GCOUNT,BOARD_STATUS,BOARD_REPLY_STATUS,BOARD_SELEC_STATUS,BOARD_IMG) values ('B01093','M00013','BC00002','코로나 조심하세요~!!!','코로나 조심 또 조심~!',to_date('20/04/08','RR/MM/DD'),to_date('20/04/08','RR/MM/DD'),0,0,'Y','N','N',null);
Insert into GROOMING.BOARD (BOARD_NO,MEMBER_NO,B_CATEGORY_NO,BOARD_TITLE,BOARD_CONTENT,BOARD_CREATE_DATE,BOARD_MODIFY_DATE,BOARD_VCOUNT,BOARD_GCOUNT,BOARD_STATUS,BOARD_REPLY_STATUS,BOARD_SELEC_STATUS,BOARD_IMG) values ('B01121','M00025','BC00002','안녕하세요 가입인사해요 ㅎㅎㅎ','<p>많이 배워가고 싶네요</p>',to_date('20/04/13','RR/MM/DD'),to_date('20/04/13','RR/MM/DD'),0,0,'Y','N','N',null);
Insert into GROOMING.BOARD (BOARD_NO,MEMBER_NO,B_CATEGORY_NO,BOARD_TITLE,BOARD_CONTENT,BOARD_CREATE_DATE,BOARD_MODIFY_DATE,BOARD_VCOUNT,BOARD_GCOUNT,BOARD_STATUS,BOARD_REPLY_STATUS,BOARD_SELEC_STATUS,BOARD_IMG) values ('B01112','M00012','BC00002','면접준비 너무 무서워요...','<p>우아아아.... 긴장 풀리는 방법 있을까여?</p>',to_date('20/04/25','RR/MM/DD'),to_date('20/04/25','RR/MM/DD'),0,0,'Y','N','N',null);
Insert into GROOMING.BOARD (BOARD_NO,MEMBER_NO,B_CATEGORY_NO,BOARD_TITLE,BOARD_CONTENT,BOARD_CREATE_DATE,BOARD_MODIFY_DATE,BOARD_VCOUNT,BOARD_GCOUNT,BOARD_STATUS,BOARD_REPLY_STATUS,BOARD_SELEC_STATUS,BOARD_IMG) values ('B01114','M00006','BC00002','테스트 한번더 ㅎ','<p>이제구만~</p>',to_date('20/04/27','RR/MM/DD'),to_date('20/04/27','RR/MM/DD'),0,0,'Y','N','N',null);
Insert into GROOMING.BOARD (BOARD_NO,MEMBER_NO,B_CATEGORY_NO,BOARD_TITLE,BOARD_CONTENT,BOARD_CREATE_DATE,BOARD_MODIFY_DATE,BOARD_VCOUNT,BOARD_GCOUNT,BOARD_STATUS,BOARD_REPLY_STATUS,BOARD_SELEC_STATUS,BOARD_IMG) values ('B01099','M00024','BC00002','오프라인 스터디가 하고싶은데','<p>카페에서 만나기가 어려워요 요즘</p>',to_date('20/05/12','RR/MM/DD'),to_date('20/05/12','RR/MM/DD'),0,0,'Y','N','N',null);
Insert into GROOMING.BOARD (BOARD_NO,MEMBER_NO,B_CATEGORY_NO,BOARD_TITLE,BOARD_CONTENT,BOARD_CREATE_DATE,BOARD_MODIFY_DATE,BOARD_VCOUNT,BOARD_GCOUNT,BOARD_STATUS,BOARD_REPLY_STATUS,BOARD_SELEC_STATUS,BOARD_IMG) values ('B01091','M00010','BC00004','공부했어용','<p>인증!</p>',to_date('20/05/13','RR/MM/DD'),to_date('20/05/13','RR/MM/DD'),0,0,'Y','N','N','119186291_648752949409644_4202965378594589446_n.jpg');
Insert into GROOMING.BOARD (BOARD_NO,MEMBER_NO,B_CATEGORY_NO,BOARD_TITLE,BOARD_CONTENT,BOARD_CREATE_DATE,BOARD_MODIFY_DATE,BOARD_VCOUNT,BOARD_GCOUNT,BOARD_STATUS,BOARD_REPLY_STATUS,BOARD_SELEC_STATUS,BOARD_IMG) values ('B01103','M00011','BC00002','아이스크림이 먹고싶어요','<p>하겐다즈 세일한대요~~!</p>',to_date('20/05/15','RR/MM/DD'),to_date('20/05/15','RR/MM/DD'),0,0,'Y','N','N',null);
Insert into GROOMING.BOARD (BOARD_NO,MEMBER_NO,B_CATEGORY_NO,BOARD_TITLE,BOARD_CONTENT,BOARD_CREATE_DATE,BOARD_MODIFY_DATE,BOARD_VCOUNT,BOARD_GCOUNT,BOARD_STATUS,BOARD_REPLY_STATUS,BOARD_SELEC_STATUS,BOARD_IMG) values ('B01082','M00026','BC00002','금요일!','<h2 class="panel-title" style="font-family: &quot;Helvetica Neue&quot;, Helvetica, Arial, &quot;Apple SD Gothic Neo&quot;, &quot;Malgun Gothic&quot;, Dotdum; line-height: 1.1; color: rgb(51, 51, 51); margin-bottom: 0px; font-size: 22px; word-break: break-all;">금요일!</h2>',to_date('20/05/16','RR/MM/DD'),to_date('20/05/16','RR/MM/DD'),0,0,'Y','N','N',null);
Insert into GROOMING.BOARD (BOARD_NO,MEMBER_NO,B_CATEGORY_NO,BOARD_TITLE,BOARD_CONTENT,BOARD_CREATE_DATE,BOARD_MODIFY_DATE,BOARD_VCOUNT,BOARD_GCOUNT,BOARD_STATUS,BOARD_REPLY_STATUS,BOARD_SELEC_STATUS,BOARD_IMG) values ('B01109','M00022','BC00002','오늘은 일찍 퇴근하게 대써요 ㅎ_ㅎ','<p>코로나 때문에 일직 왓네요~</p>',to_date('20/05/21','RR/MM/DD'),to_date('20/05/21','RR/MM/DD'),1,0,'Y','N','N',null);
Insert into GROOMING.BOARD (BOARD_NO,MEMBER_NO,B_CATEGORY_NO,BOARD_TITLE,BOARD_CONTENT,BOARD_CREATE_DATE,BOARD_MODIFY_DATE,BOARD_VCOUNT,BOARD_GCOUNT,BOARD_STATUS,BOARD_REPLY_STATUS,BOARD_SELEC_STATUS,BOARD_IMG) values ('B01110','M00023','BC00002','여자친구와 결혼을 하기 위해선....','<p>개발자로서 성공을 해야 될텐데 ....ㅠㅠㅠ</p>',to_date('20/05/22','RR/MM/DD'),to_date('20/05/22','RR/MM/DD'),0,0,'Y','N','N',null);
Insert into GROOMING.BOARD (BOARD_NO,MEMBER_NO,B_CATEGORY_NO,BOARD_TITLE,BOARD_CONTENT,BOARD_CREATE_DATE,BOARD_MODIFY_DATE,BOARD_VCOUNT,BOARD_GCOUNT,BOARD_STATUS,BOARD_REPLY_STATUS,BOARD_SELEC_STATUS,BOARD_IMG) values ('B01088','M00003','BC00004','공부인증하기! ','<p>칭찬해주세요~</p>',to_date('20/06/13','RR/MM/DD'),to_date('20/06/13','RR/MM/DD'),0,0,'Y','N','N','119084572_599167700758296_8039579477428069565_n.jpg');
Insert into GROOMING.BOARD (BOARD_NO,MEMBER_NO,B_CATEGORY_NO,BOARD_TITLE,BOARD_CONTENT,BOARD_CREATE_DATE,BOARD_MODIFY_DATE,BOARD_VCOUNT,BOARD_GCOUNT,BOARD_STATUS,BOARD_REPLY_STATUS,BOARD_SELEC_STATUS,BOARD_IMG) values ('B01100','M00003','BC00002','수면부족','<p>수면부족.........</p>',to_date('20/06/13','RR/MM/DD'),to_date('20/06/13','RR/MM/DD'),2,0,'Y','N','N',null);
Insert into GROOMING.BOARD (BOARD_NO,MEMBER_NO,B_CATEGORY_NO,BOARD_TITLE,BOARD_CONTENT,BOARD_CREATE_DATE,BOARD_MODIFY_DATE,BOARD_VCOUNT,BOARD_GCOUNT,BOARD_STATUS,BOARD_REPLY_STATUS,BOARD_SELEC_STATUS,BOARD_IMG) values ('B01108','M00026','BC00002','허리디스크 조심해야겠다','<p>배나오기 허리디스크 목디스크 거북목 조심해야겠어요ㅜㅜ</p>',to_date('20/06/13','RR/MM/DD'),to_date('20/06/13','RR/MM/DD'),0,0,'Y','N','N',null);
Insert into GROOMING.BOARD (BOARD_NO,MEMBER_NO,B_CATEGORY_NO,BOARD_TITLE,BOARD_CONTENT,BOARD_CREATE_DATE,BOARD_MODIFY_DATE,BOARD_VCOUNT,BOARD_GCOUNT,BOARD_STATUS,BOARD_REPLY_STATUS,BOARD_SELEC_STATUS,BOARD_IMG) values ('B01070','M00011','BC00005','다들 맥북 사용하시는 이유가 머에여?','<h5 class="list-group-item-heading list-group-item-evaluate" style="line-height: 1.1; margin-top: 3px; margin-bottom: 3px; word-break: break-all;"><font color="#1a446b" face="Helvetica Neue, Helvetica, Arial, Apple SD Gothic Neo, Malgun Gothic, Dotdum"><span style="font-size: 14px;">다들 맥북 사용하시는 이유가 머에여?</span></font><br></h5>',to_date('20/06/15','RR/MM/DD'),to_date('20/06/15','RR/MM/DD'),0,0,'Y','N','N',null);
Insert into GROOMING.BOARD (BOARD_NO,MEMBER_NO,B_CATEGORY_NO,BOARD_TITLE,BOARD_CONTENT,BOARD_CREATE_DATE,BOARD_MODIFY_DATE,BOARD_VCOUNT,BOARD_GCOUNT,BOARD_STATUS,BOARD_REPLY_STATUS,BOARD_SELEC_STATUS,BOARD_IMG) values ('B01071','M00015','BC00005','형님들 학원강사 해본 개발자분 계신가요?','형님들 학원강사 해본 개발자분 계신가요?',to_date('20/06/16','RR/MM/DD'),to_date('20/06/16','RR/MM/DD'),3,0,'Y','N','N',null);
Insert into GROOMING.BOARD (BOARD_NO,MEMBER_NO,B_CATEGORY_NO,BOARD_TITLE,BOARD_CONTENT,BOARD_CREATE_DATE,BOARD_MODIFY_DATE,BOARD_VCOUNT,BOARD_GCOUNT,BOARD_STATUS,BOARD_REPLY_STATUS,BOARD_SELEC_STATUS,BOARD_IMG) values ('B01089','M00006','BC00004','첫째날~','<p>오늘도 공부 완료~~!</p>',to_date('20/07/06','RR/MM/DD'),to_date('20/07/06','RR/MM/DD'),0,0,'Y','N','N','119117542_2588879551426329_48426048096702626_n.jpg');
Insert into GROOMING.BOARD (BOARD_NO,MEMBER_NO,B_CATEGORY_NO,BOARD_TITLE,BOARD_CONTENT,BOARD_CREATE_DATE,BOARD_MODIFY_DATE,BOARD_VCOUNT,BOARD_GCOUNT,BOARD_STATUS,BOARD_REPLY_STATUS,BOARD_SELEC_STATUS,BOARD_IMG) values ('B01101','M00005','BC00002','자유게시판 테스트','<p>ㅎㅎ</p>',to_date('20/07/08','RR/MM/DD'),to_date('20/07/08','RR/MM/DD'),1,0,'Y','N','N',null);
Insert into GROOMING.BOARD (BOARD_NO,MEMBER_NO,B_CATEGORY_NO,BOARD_TITLE,BOARD_CONTENT,BOARD_CREATE_DATE,BOARD_MODIFY_DATE,BOARD_VCOUNT,BOARD_GCOUNT,BOARD_STATUS,BOARD_REPLY_STATUS,BOARD_SELEC_STATUS,BOARD_IMG) values ('B00008','M00004','BC00003','스터디 그룹 홍보!!','그루밍 페이지에서 ',to_date('20/07/13','RR/MM/DD'),to_date('20/07/13','RR/MM/DD'),33,0,'Y','N','N',null);
Insert into GROOMING.BOARD (BOARD_NO,MEMBER_NO,B_CATEGORY_NO,BOARD_TITLE,BOARD_CONTENT,BOARD_CREATE_DATE,BOARD_MODIFY_DATE,BOARD_VCOUNT,BOARD_GCOUNT,BOARD_STATUS,BOARD_REPLY_STATUS,BOARD_SELEC_STATUS,BOARD_IMG) values ('B01080','M00016','BC00002','개발 무력증이 해소되는 운동 추천','<p style="margin-right: 0px; margin-bottom: 10px; margin-left: 0px; color: rgb(51, 51, 51); font-family: &quot;Helvetica Neue&quot;, Helvetica, Arial, &quot;Apple SD Gothic Neo&quot;, &quot;Malgun Gothic&quot;, Dotdum; font-size: 14px;">날마다 10km 조깅, 비와서 못뛰면 다음날 20km를 달리는 집착증이&nbsp; 저의 우울증 및 번아웃 해소에 큰 도움을</p><p style="margin-right: 0px; margin-bottom: 10px; margin-left: 0px; color: rgb(51, 51, 51); font-family: &quot;Helvetica Neue&quot;, Helvetica, Arial, &quot;Apple SD Gothic Neo&quot;, &quot;Malgun Gothic&quot;, Dotdum; font-size: 14px;">주고 있습니다.</p><p style="margin-right: 0px; margin-bottom: 10px; margin-left: 0px; color: rgb(51, 51, 51); font-family: &quot;Helvetica Neue&quot;, Helvetica, Arial, &quot;Apple SD Gothic Neo&quot;, &quot;Malgun Gothic&quot;, Dotdum; font-size: 14px;">&nbsp;1시간 ~ 2시간 달리는 조깅은 코딩, 특히 플젝에서 힘들때 버티는 힘을 주네요. 업무로직이 막혔을때, 짜증 날때</p><p style="margin-right: 0px; margin-bottom: 10px; margin-left: 0px; color: rgb(51, 51, 51); font-family: &quot;Helvetica Neue&quot;, Helvetica, Arial, &quot;Apple SD Gothic Neo&quot;, &quot;Malgun Gothic&quot;, Dotdum; font-size: 14px;">일단 달리고 나면 신기하게 그런 문제가 해결되어있는&nbsp;</p><p style="margin-right: 0px; margin-bottom: 10px; margin-left: 0px; color: rgb(51, 51, 51); font-family: &quot;Helvetica Neue&quot;, Helvetica, Arial, &quot;Apple SD Gothic Neo&quot;, &quot;Malgun Gothic&quot;, Dotdum; font-size: 14px;">신기함을 느끼고 있습니다. 개발자에게 강추입니다</p>',to_date('20/07/13','RR/MM/DD'),to_date('20/07/13','RR/MM/DD'),0,0,'Y','N','N',null);
Insert into GROOMING.BOARD (BOARD_NO,MEMBER_NO,B_CATEGORY_NO,BOARD_TITLE,BOARD_CONTENT,BOARD_CREATE_DATE,BOARD_MODIFY_DATE,BOARD_VCOUNT,BOARD_GCOUNT,BOARD_STATUS,BOARD_REPLY_STATUS,BOARD_SELEC_STATUS,BOARD_IMG) values ('B01081','M00018','BC00002','코딩...진짜 시작하려니 막막하네요','<p><span style="color: rgb(51, 51, 51); font-family: &quot;Helvetica Neue&quot;, Helvetica, Arial, &quot;Apple SD Gothic Neo&quot;, &quot;Malgun Gothic&quot;, Dotdum; font-size: 14px;">최대 개발자 커뮤니티를 알게되어 오늘 가입했는데 다들 진짜 대단하신것 같아요..ㅠ 노력하시는 모습도 그렇구요ㅠ..앞으로 저도 막막하지만 코딩..제대로 한번 배워보겠습니다!</span><br></p>',to_date('20/07/13','RR/MM/DD'),to_date('20/07/13','RR/MM/DD'),1,0,'Y','N','N',null);
Insert into GROOMING.BOARD (BOARD_NO,MEMBER_NO,B_CATEGORY_NO,BOARD_TITLE,BOARD_CONTENT,BOARD_CREATE_DATE,BOARD_MODIFY_DATE,BOARD_VCOUNT,BOARD_GCOUNT,BOARD_STATUS,BOARD_REPLY_STATUS,BOARD_SELEC_STATUS,BOARD_IMG) values ('B00007','M00003','BC00002','졸려','냉무',to_date('20/07/13','RR/MM/DD'),to_date('20/07/13','RR/MM/DD'),15,0,'Y','N','N',null);
Insert into GROOMING.BOARD (BOARD_NO,MEMBER_NO,B_CATEGORY_NO,BOARD_TITLE,BOARD_CONTENT,BOARD_CREATE_DATE,BOARD_MODIFY_DATE,BOARD_VCOUNT,BOARD_GCOUNT,BOARD_STATUS,BOARD_REPLY_STATUS,BOARD_SELEC_STATUS,BOARD_IMG) values ('B01097','M00021','BC00002','아침에 식겁했습니다...','<p>옆<span style="color: rgb(51, 51, 51); font-family: &quot;Helvetica Neue&quot;, Helvetica, Arial, &quot;Apple SD Gothic Neo&quot;, &quot;Malgun Gothic&quot;, Dotdum; font-size: 14px;">집에 주인 아줌마네 따님이 사시는데 웬 도른자가 그 집 문고리 열쇠구멍에 실리콘을 넣었다네요.&nbsp;</span></p><p style="margin-right: 0px; margin-bottom: 10px; margin-left: 0px; color: rgb(51, 51, 51); font-family: &quot;Helvetica Neue&quot;, Helvetica, Arial, &quot;Apple SD Gothic Neo&quot;, &quot;Malgun Gothic&quot;, Dotdum; font-size: 14px;">목적이 뭔지도 모르고 그 도른자는 잡혔는지도 모르겠지만... 소름돋네요.&nbsp;</p><p style="margin-right: 0px; margin-bottom: 10px; margin-left: 0px; color: rgb(51, 51, 51); font-family: &quot;Helvetica Neue&quot;, Helvetica, Arial, &quot;Apple SD Gothic Neo&quot;, &quot;Malgun Gothic&quot;, Dotdum; font-size: 14px;">주인집 아침에 난리났다고 하는데 그 후 일이 어떻게 됐는지는 모르겠습니다.&nbsp;</p>',to_date('20/07/13','RR/MM/DD'),to_date('20/07/13','RR/MM/DD'),0,0,'Y','N','N',null);
Insert into GROOMING.BOARD (BOARD_NO,MEMBER_NO,B_CATEGORY_NO,BOARD_TITLE,BOARD_CONTENT,BOARD_CREATE_DATE,BOARD_MODIFY_DATE,BOARD_VCOUNT,BOARD_GCOUNT,BOARD_STATUS,BOARD_REPLY_STATUS,BOARD_SELEC_STATUS,BOARD_IMG) values ('B00010','M00006','BC00005','자바 질문이에요','자바는 자바자바 우나요?',to_date('20/07/13','RR/MM/DD'),to_date('20/07/13','RR/MM/DD'),5,0,'Y','Y','Y',null);
Insert into GROOMING.BOARD (BOARD_NO,MEMBER_NO,B_CATEGORY_NO,BOARD_TITLE,BOARD_CONTENT,BOARD_CREATE_DATE,BOARD_MODIFY_DATE,BOARD_VCOUNT,BOARD_GCOUNT,BOARD_STATUS,BOARD_REPLY_STATUS,BOARD_SELEC_STATUS,BOARD_IMG) values ('B00011','M00007','BC00005','자바 질문이에요','WAR!!! 워가 맞아요? 와르가 맞아요?',to_date('20/07/13','RR/MM/DD'),to_date('20/07/13','RR/MM/DD'),49,0,'Y','Y','N',null);
Insert into GROOMING.BOARD (BOARD_NO,MEMBER_NO,B_CATEGORY_NO,BOARD_TITLE,BOARD_CONTENT,BOARD_CREATE_DATE,BOARD_MODIFY_DATE,BOARD_VCOUNT,BOARD_GCOUNT,BOARD_STATUS,BOARD_REPLY_STATUS,BOARD_SELEC_STATUS,BOARD_IMG) values ('B01069','M00022','BC00005','코딩테스트 준비하는데 어떻게 하는게 좋을까요?','<p>코딩테스트 준비하는데 어떻게 하는게 좋을까요?<br></p>',to_date('20/07/13','RR/MM/DD'),to_date('20/07/13','RR/MM/DD'),0,0,'Y','N','N',null);
Insert into GROOMING.BOARD (BOARD_NO,MEMBER_NO,B_CATEGORY_NO,BOARD_TITLE,BOARD_CONTENT,BOARD_CREATE_DATE,BOARD_MODIFY_DATE,BOARD_VCOUNT,BOARD_GCOUNT,BOARD_STATUS,BOARD_REPLY_STATUS,BOARD_SELEC_STATUS,BOARD_IMG) values ('B01063','M00005','BC00005','개발자가 되고 싶은 학생입니다. 도와주시면 감사하겠습니다.','<p><span style="color: rgb(51, 51, 51); font-family: &quot;Helvetica Neue&quot;, Helvetica, Arial, &quot;Apple SD Gothic Neo&quot;, &quot;Malgun Gothic&quot;, Dotdum; font-size: 14px;">전 개발자를 꿈꾸고 있는 한 학생입니다. 그런데 어떻게 무엇을 공부해야할지 감이 잘 안오고, 개발자는 어떤 근무환경에서 어떤 업무를 주로 맡는지도 잘 모르겠습니다. 커리어넷과 같은 곳도 조사했으나 해결이 안되더라구요... 한국의 대표 개발자분들께서 개발자에 대해 자세히 알려주시면 너무 감사할 것 같습니다 ㅠㅠㅠㅠ 글 읽어주셔서 감사하고 좋은 하루 보내세요!</span><br></p>',to_date('20/07/13','RR/MM/DD'),to_date('20/07/13','RR/MM/DD'),0,0,'Y','N','N',null);
Insert into GROOMING.BOARD (BOARD_NO,MEMBER_NO,B_CATEGORY_NO,BOARD_TITLE,BOARD_CONTENT,BOARD_CREATE_DATE,BOARD_MODIFY_DATE,BOARD_VCOUNT,BOARD_GCOUNT,BOARD_STATUS,BOARD_REPLY_STATUS,BOARD_SELEC_STATUS,BOARD_IMG) values ('B00006','M00002','BC00002','놀자','냉무',to_date('20/07/13','RR/MM/DD'),to_date('20/07/13','RR/MM/DD'),2,0,'Y','N','N',null);
Insert into GROOMING.BOARD (BOARD_NO,MEMBER_NO,B_CATEGORY_NO,BOARD_TITLE,BOARD_CONTENT,BOARD_CREATE_DATE,BOARD_MODIFY_DATE,BOARD_VCOUNT,BOARD_GCOUNT,BOARD_STATUS,BOARD_REPLY_STATUS,BOARD_SELEC_STATUS,BOARD_IMG) values ('B01124','M00003','BC00002','아고 힘들다....','<p>지쳐요</p>',to_date('20/07/22','RR/MM/DD'),to_date('20/07/22','RR/MM/DD'),0,0,'Y','N','N',null);
Insert into GROOMING.BOARD (BOARD_NO,MEMBER_NO,B_CATEGORY_NO,BOARD_TITLE,BOARD_CONTENT,BOARD_CREATE_DATE,BOARD_MODIFY_DATE,BOARD_VCOUNT,BOARD_GCOUNT,BOARD_STATUS,BOARD_REPLY_STATUS,BOARD_SELEC_STATUS,BOARD_IMG) values ('B01118','M00019','BC00002','다이어트 10일차','<p>풀떼기 안보고싶습니다....흐흐흑</p>',to_date('20/07/30','RR/MM/DD'),to_date('20/07/30','RR/MM/DD'),0,0,'Y','N','N',null);
Insert into GROOMING.BOARD (BOARD_NO,MEMBER_NO,B_CATEGORY_NO,BOARD_TITLE,BOARD_CONTENT,BOARD_CREATE_DATE,BOARD_MODIFY_DATE,BOARD_VCOUNT,BOARD_GCOUNT,BOARD_STATUS,BOARD_REPLY_STATUS,BOARD_SELEC_STATUS,BOARD_IMG) values ('B01119','M00025','BC00002','안녕하세요 첨왔어요~','<p>친해지고 싶어요~!</p>',to_date('20/08/15','RR/MM/DD'),to_date('20/08/15','RR/MM/DD'),10,0,'Y','N','N',null);
Insert into GROOMING.BOARD (BOARD_NO,MEMBER_NO,B_CATEGORY_NO,BOARD_TITLE,BOARD_CONTENT,BOARD_CREATE_DATE,BOARD_MODIFY_DATE,BOARD_VCOUNT,BOARD_GCOUNT,BOARD_STATUS,BOARD_REPLY_STATUS,BOARD_SELEC_STATUS,BOARD_IMG) values ('B01087','M00026','BC00002','월요일이 제일 피곤합니다 ㅠ','<p><span style="color: rgb(51, 51, 51); font-family: &quot;Helvetica Neue&quot;, Helvetica, Arial, &quot;Apple SD Gothic Neo&quot;, &quot;Malgun Gothic&quot;, Dotdum; font-size: 14px;">오늘 하루도 모두 화이팅입니다</span><br></p>',to_date('20/09/05','RR/MM/DD'),to_date('20/09/05','RR/MM/DD'),1,0,'Y','N','N',null);
Insert into GROOMING.BOARD (BOARD_NO,MEMBER_NO,B_CATEGORY_NO,BOARD_TITLE,BOARD_CONTENT,BOARD_CREATE_DATE,BOARD_MODIFY_DATE,BOARD_VCOUNT,BOARD_GCOUNT,BOARD_STATUS,BOARD_REPLY_STATUS,BOARD_SELEC_STATUS,BOARD_IMG) values ('B01120','M00024','BC00002','휴가를 써서 여행가고싶다.....','<p>제주도로 ㄱㄱ</p>',to_date('20/09/06','RR/MM/DD'),to_date('20/09/06','RR/MM/DD'),0,0,'Y','N','N',null);
Insert into GROOMING.BOARD (BOARD_NO,MEMBER_NO,B_CATEGORY_NO,BOARD_TITLE,BOARD_CONTENT,BOARD_CREATE_DATE,BOARD_MODIFY_DATE,BOARD_VCOUNT,BOARD_GCOUNT,BOARD_STATUS,BOARD_REPLY_STATUS,BOARD_SELEC_STATUS,BOARD_IMG) values ('B01122','M00006','BC00002','이놈의 비 지겹네요','<p>그만좀 오라궁..</p>',to_date('20/09/07','RR/MM/DD'),to_date('20/09/07','RR/MM/DD'),0,0,'Y','N','N',null);
Insert into GROOMING.BOARD (BOARD_NO,MEMBER_NO,B_CATEGORY_NO,BOARD_TITLE,BOARD_CONTENT,BOARD_CREATE_DATE,BOARD_MODIFY_DATE,BOARD_VCOUNT,BOARD_GCOUNT,BOARD_STATUS,BOARD_REPLY_STATUS,BOARD_SELEC_STATUS,BOARD_IMG) values ('B01077','M00004','BC00002','영어공부해야하네요..','<p><span style="color: rgb(51, 51, 51); font-family: &quot;Helvetica Neue&quot;, Helvetica, Arial, &quot;Apple SD Gothic Neo&quot;, &quot;Malgun Gothic&quot;, Dotdum; font-size: 14px;">영어 뭘로공부해야하죠?</span><br></p>',to_date('20/09/08','RR/MM/DD'),to_date('20/09/08','RR/MM/DD'),0,0,'Y','N','N',null);
Insert into GROOMING.BOARD (BOARD_NO,MEMBER_NO,B_CATEGORY_NO,BOARD_TITLE,BOARD_CONTENT,BOARD_CREATE_DATE,BOARD_MODIFY_DATE,BOARD_VCOUNT,BOARD_GCOUNT,BOARD_STATUS,BOARD_REPLY_STATUS,BOARD_SELEC_STATUS,BOARD_IMG) values ('B01067','M00023','BC00005','코딩테스트 쳐보신분 질문좀해도될까요?','<p style="margin-right: 0px; margin-bottom: 10px; margin-left: 0px; color: rgb(51, 51, 51); font-family: &quot;Helvetica Neue&quot;, Helvetica, Arial, &quot;Apple SD Gothic Neo&quot;, &quot;Malgun Gothic&quot;, Dotdum; font-size: 14px;">예를들어서 카카오 코딩테스트를 본다하면 프로그래머스에서 문제를 풀더라고요.</p><p style="margin-right: 0px; margin-bottom: 10px; margin-left: 0px; color: rgb(51, 51, 51); font-family: &quot;Helvetica Neue&quot;, Helvetica, Arial, &quot;Apple SD Gothic Neo&quot;, &quot;Malgun Gothic&quot;, Dotdum; font-size: 14px;">근데 프로그래머스에서 풀면 코드어시스트 기능이없잖아요? 오타에 빨간줄이 생긴다던가 함수자동완성기능이라든가..</p><p style="margin-right: 0px; margin-bottom: 10px; margin-left: 0px; color: rgb(51, 51, 51); font-family: &quot;Helvetica Neue&quot;, Helvetica, Arial, &quot;Apple SD Gothic Neo&quot;, &quot;Malgun Gothic&quot;, Dotdum; font-size: 14px;">그래서 말인데 이클립스나 비쥬얼 등등에서 풀고 프로그래머스에 복사붙혀넣기 해도되나요?</p>',to_date('20/09/11','RR/MM/DD'),to_date('20/09/11','RR/MM/DD'),1,0,'Y','N','N',null);
Insert into GROOMING.BOARD (BOARD_NO,MEMBER_NO,B_CATEGORY_NO,BOARD_TITLE,BOARD_CONTENT,BOARD_CREATE_DATE,BOARD_MODIFY_DATE,BOARD_VCOUNT,BOARD_GCOUNT,BOARD_STATUS,BOARD_REPLY_STATUS,BOARD_SELEC_STATUS,BOARD_IMG) values ('B01076','M00002','BC00002','국비지원 다닌지 2~3개월이 됐는데 그냥 접고 다른거 해야할까요?','<h5 class="list-group-item-heading list-group-item-evaluate" style="line-height: 1.1; margin-top: 3px; margin-bottom: 3px; word-break: break-all;"><div style="color: rgb(51, 51, 51); font-family: &quot;Helvetica Neue&quot;, Helvetica, Arial, &quot;Apple SD Gothic Neo&quot;, &quot;Malgun Gothic&quot;, Dotdum; font-size: 14px;">수업 배우는게 잘 이해가 안갈때가 많습니다</div><div style="color: rgb(51, 51, 51); font-family: &quot;Helvetica Neue&quot;, Helvetica, Arial, &quot;Apple SD Gothic Neo&quot;, &quot;Malgun Gothic&quot;, Dotdum; font-size: 14px;"><br></div><div style="color: rgb(51, 51, 51); font-family: &quot;Helvetica Neue&quot;, Helvetica, Arial, &quot;Apple SD Gothic Neo&quot;, &quot;Malgun Gothic&quot;, Dotdum; font-size: 14px;">물론 복습도 2시간씩 집에서 하는데도.. 남들보다 뒤쳐지는것같고&nbsp;</div><div style="color: rgb(51, 51, 51); font-family: &quot;Helvetica Neue&quot;, Helvetica, Arial, &quot;Apple SD Gothic Neo&quot;, &quot;Malgun Gothic&quot;, Dotdum; font-size: 14px;"><br></div><div style="color: rgb(51, 51, 51); font-family: &quot;Helvetica Neue&quot;, Helvetica, Arial, &quot;Apple SD Gothic Neo&quot;, &quot;Malgun Gothic&quot;, Dotdum; font-size: 14px;">저의 길이 아니어서 그냥 국비 접고 숙식 노가다나 뛸지 고민이네요.. 어떻게 해야할까요?</div></h5>',to_date('20/09/12','RR/MM/DD'),to_date('20/09/12','RR/MM/DD'),0,0,'Y','N','N',null);
Insert into GROOMING.BOARD (BOARD_NO,MEMBER_NO,B_CATEGORY_NO,BOARD_TITLE,BOARD_CONTENT,BOARD_CREATE_DATE,BOARD_MODIFY_DATE,BOARD_VCOUNT,BOARD_GCOUNT,BOARD_STATUS,BOARD_REPLY_STATUS,BOARD_SELEC_STATUS,BOARD_IMG) values ('B01065','M00025','BC00005','안녕하세요. 자바나 jsp 쪽 책 추천 부탁드려요ㅎㅎ','<p style="margin-right: 0px; margin-bottom: 10px; margin-left: 0px; color: rgb(51, 51, 51); font-family: &quot;Helvetica Neue&quot;, Helvetica, Arial, &quot;Apple SD Gothic Neo&quot;, &quot;Malgun Gothic&quot;, Dotdum; font-size: 14px;">안녕하세요 막 입사한 초급 개발자 입니다.</p><p style="margin-right: 0px; margin-bottom: 10px; margin-left: 0px; color: rgb(51, 51, 51); font-family: &quot;Helvetica Neue&quot;, Helvetica, Arial, &quot;Apple SD Gothic Neo&quot;, &quot;Malgun Gothic&quot;, Dotdum; font-size: 14px;">쇼핑몰 팀 프로젝트로 취업을 해서 막상 회사에 들어오니 코드가 너무 어렵네요</p><p style="margin-right: 0px; margin-bottom: 10px; margin-left: 0px; color: rgb(51, 51, 51); font-family: &quot;Helvetica Neue&quot;, Helvetica, Arial, &quot;Apple SD Gothic Neo&quot;, &quot;Malgun Gothic&quot;, Dotdum; font-size: 14px;">회사 코드를 보면서 흐름은 읽고 있는데 기본적인 개념이 부족하다는 느낌이 듭니다.</p><p style="margin-right: 0px; margin-bottom: 10px; margin-left: 0px; color: rgb(51, 51, 51); font-family: &quot;Helvetica Neue&quot;, Helvetica, Arial, &quot;Apple SD Gothic Neo&quot;, &quot;Malgun Gothic&quot;, Dotdum; font-size: 14px;">그래서 회사 업무 끝나고 개인적으로 시간을 내서 웹 프로젝트를 만드는 등 공부를 하고 있는데</p><p style="margin-right: 0px; margin-bottom: 10px; margin-left: 0px; color: rgb(51, 51, 51); font-family: &quot;Helvetica Neue&quot;, Helvetica, Arial, &quot;Apple SD Gothic Neo&quot;, &quot;Malgun Gothic&quot;, Dotdum; font-size: 14px;">책에 나온 이론을 바탕으로 코드까지 실습할 수 있게 나온 책이 있을까요?</p>',to_date('20/09/12','RR/MM/DD'),to_date('20/09/12','RR/MM/DD'),1,0,'Y','N','N',null);
Insert into GROOMING.BOARD (BOARD_NO,MEMBER_NO,B_CATEGORY_NO,BOARD_TITLE,BOARD_CONTENT,BOARD_CREATE_DATE,BOARD_MODIFY_DATE,BOARD_VCOUNT,BOARD_GCOUNT,BOARD_STATUS,BOARD_REPLY_STATUS,BOARD_SELEC_STATUS,BOARD_IMG) values ('B01062','M00002','BC00005','알고리즘의 많은 지식과 코딩테스트 스킬은 개발자한테 필수일까요?','<p style="margin-right: 0px; margin-bottom: 10px; margin-left: 0px; color: rgb(51, 51, 51); font-family: &quot;Helvetica Neue&quot;, Helvetica, Arial, &quot;Apple SD Gothic Neo&quot;, &quot;Malgun Gothic&quot;, Dotdum; font-size: 14px;">개발자로서 잘 살기 위해서 알고리즘과 코딩테스트를 공부하는 건 필수일까요?</p><p style="margin-right: 0px; margin-bottom: 10px; margin-left: 0px; color: rgb(51, 51, 51); font-family: &quot;Helvetica Neue&quot;, Helvetica, Arial, &quot;Apple SD Gothic Neo&quot;, &quot;Malgun Gothic&quot;, Dotdum; font-size: 14px;">필수라면 백준과 프로그래머스 중에서 공부하기 더 괜찮은 곳은 어디라고 생각하세요?</p>',to_date('20/09/13','RR/MM/DD'),to_date('20/09/13','RR/MM/DD'),0,0,'Y','N','N',null);
Insert into GROOMING.BOARD (BOARD_NO,MEMBER_NO,B_CATEGORY_NO,BOARD_TITLE,BOARD_CONTENT,BOARD_CREATE_DATE,BOARD_MODIFY_DATE,BOARD_VCOUNT,BOARD_GCOUNT,BOARD_STATUS,BOARD_REPLY_STATUS,BOARD_SELEC_STATUS,BOARD_IMG) values ('B01066','M00026','BC00005','여기는 뭐하는 사이트 인가요?','<ol style="margin-right: 0px; margin-bottom: 0px; margin-left: 0px; color: rgb(51, 51, 51); font-family: &quot;Helvetica Neue&quot;, Helvetica, Arial, &quot;Apple SD Gothic Neo&quot;, &quot;Malgun Gothic&quot;, Dotdum; font-size: 14px; padding: 0px; list-style: none;"><li style="margin: 0px; padding: 0px; list-style-type: none;"><span style="white-space: pre;">여기는 뭐하는 사이트 인가요?</span></li></ol>',to_date('20/09/13','RR/MM/DD'),to_date('20/09/13','RR/MM/DD'),0,0,'Y','N','N',null);
Insert into GROOMING.BOARD (BOARD_NO,MEMBER_NO,B_CATEGORY_NO,BOARD_TITLE,BOARD_CONTENT,BOARD_CREATE_DATE,BOARD_MODIFY_DATE,BOARD_VCOUNT,BOARD_GCOUNT,BOARD_STATUS,BOARD_REPLY_STATUS,BOARD_SELEC_STATUS,BOARD_IMG) values ('B01078','M00007','BC00002','29살에 대학 졸업하면 너무 늦은걸까요','<p><span style="color: rgb(228, 230, 235); font-family: &quot;segoe ui historic&quot;, &quot;segoe ui&quot;, helvetica, arial, sans-serif; font-size: 15px; white-space: pre-wrap; background-color: rgb(0, 0, 0);">혹시 29살 중반에 대학을 졸업하면 너무 늦을까요..?
2학년 재학중인 남자 대학생입니다. 3수(+군전역)해서 현재나이가 25살인데 컴공으로 전과를 하려고하는데요. 현재 따로 프로그래밍 공부를 하고있는데 수박 겉핥기식인것 같아서 컴공에서 전문적으로 배워보고싶은데 나이가 걱정이네요.. 3학년에 전과를 하는거라 학점 문제때문에 전과시점부터 최소 3년반을 더 다녀야 합니다 ㅠ기업에 웹개발자로 취직하고 싶은데 29~30살에 취업을 준비하면 너무 늦는걸까요 ㅜ</span><br></p>',to_date('20/09/13','RR/MM/DD'),to_date('20/09/13','RR/MM/DD'),1,0,'Y','N','N',null);
Insert into GROOMING.BOARD (BOARD_NO,MEMBER_NO,B_CATEGORY_NO,BOARD_TITLE,BOARD_CONTENT,BOARD_CREATE_DATE,BOARD_MODIFY_DATE,BOARD_VCOUNT,BOARD_GCOUNT,BOARD_STATUS,BOARD_REPLY_STATUS,BOARD_SELEC_STATUS,BOARD_IMG) values ('B01079','M00009','BC00002','궁금한게 많은 중딩입니다','<p style="margin-right: 0px; margin-bottom: 10px; margin-left: 0px; color: rgb(51, 51, 51); font-family: &quot;Helvetica Neue&quot;, Helvetica, Arial, &quot;Apple SD Gothic Neo&quot;, &quot;Malgun Gothic&quot;, Dotdum; font-size: 14px;">1. C언어, 자바, 파이썬 중 어떤 언어를 공부하는게 좋을까요? (C++은 조금 공부했습니다)</p><p style="margin-right: 0px; margin-bottom: 10px; margin-left: 0px; color: rgb(51, 51, 51); font-family: &quot;Helvetica Neue&quot;, Helvetica, Arial, &quot;Apple SD Gothic Neo&quot;, &quot;Malgun Gothic&quot;, Dotdum; font-size: 14px;">2. 웹 개발쪽도 생각해 보고 있는데 웹 개발자에 대해 어떻게 생각하시나요?</p><p style="margin-right: 0px; margin-bottom: 10px; margin-left: 0px; color: rgb(51, 51, 51); font-family: &quot;Helvetica Neue&quot;, Helvetica, Arial, &quot;Apple SD Gothic Neo&quot;, &quot;Malgun Gothic&quot;, Dotdum; font-size: 14px;">3. 프로그래밍을 공부하는데 좋은 사이트나 자료가 있나요?</p>',to_date('20/09/13','RR/MM/DD'),to_date('20/09/13','RR/MM/DD'),0,0,'Y','N','N',null);
Insert into GROOMING.BOARD (BOARD_NO,MEMBER_NO,B_CATEGORY_NO,BOARD_TITLE,BOARD_CONTENT,BOARD_CREATE_DATE,BOARD_MODIFY_DATE,BOARD_VCOUNT,BOARD_GCOUNT,BOARD_STATUS,BOARD_REPLY_STATUS,BOARD_SELEC_STATUS,BOARD_IMG) values ('B01083','M00024','BC00002','여러분들의 신입 4개월차는 어떠셨나요?','<p style="margin-right: 0px; margin-bottom: 10px; margin-left: 0px; color: rgb(51, 51, 51); font-family: &quot;Helvetica Neue&quot;, Helvetica, Arial, &quot;Apple SD Gothic Neo&quot;, &quot;Malgun Gothic&quot;, Dotdum; font-size: 14px;">안녕하세요 다음주면 이제 4개월차로 접어드는 신입 개발자입니다.</p><p style="margin-right: 0px; margin-bottom: 10px; margin-left: 0px; color: rgb(51, 51, 51); font-family: &quot;Helvetica Neue&quot;, Helvetica, Arial, &quot;Apple SD Gothic Neo&quot;, &quot;Malgun Gothic&quot;, Dotdum; font-size: 14px;">4개월차엔 어느정도 적응을 하셨는지 궁금해요.</p>',to_date('20/09/13','RR/MM/DD'),to_date('20/09/13','RR/MM/DD'),0,0,'Y','N','N',null);
Insert into GROOMING.BOARD (BOARD_NO,MEMBER_NO,B_CATEGORY_NO,BOARD_TITLE,BOARD_CONTENT,BOARD_CREATE_DATE,BOARD_MODIFY_DATE,BOARD_VCOUNT,BOARD_GCOUNT,BOARD_STATUS,BOARD_REPLY_STATUS,BOARD_SELEC_STATUS,BOARD_IMG) values ('B01084','M00026','BC00002','거절','<p><span style="color: rgb(51, 51, 51); font-family: &quot;Helvetica Neue&quot;, Helvetica, Arial, &quot;Apple SD Gothic Neo&quot;, &quot;Malgun Gothic&quot;, Dotdum; font-size: 14px;">퇴근하려는데 못가게 붙잡고</span></p><div style="color: rgb(51, 51, 51); font-family: &quot;Helvetica Neue&quot;, Helvetica, Arial, &quot;Apple SD Gothic Neo&quot;, &quot;Malgun Gothic&quot;, Dotdum; font-size: 14px;">오늘까지 못하면 오픈을 못한다는둥</div><div style="color: rgb(51, 51, 51); font-family: &quot;Helvetica Neue&quot;, Helvetica, Arial, &quot;Apple SD Gothic Neo&quot;, &quot;Malgun Gothic&quot;, Dotdum; font-size: 14px;">이게 하루이틀도 아니고 한달동안 반복 야근에 주말근무하는데&nbsp;</div><div style="color: rgb(51, 51, 51); font-family: &quot;Helvetica Neue&quot;, Helvetica, Arial, &quot;Apple SD Gothic Neo&quot;, &quot;Malgun Gothic&quot;, Dotdum; font-size: 14px;">적당히 핑계대고 가는 방법이뭐가 있을까요</div><div style="color: rgb(51, 51, 51); font-family: &quot;Helvetica Neue&quot;, Helvetica, Arial, &quot;Apple SD Gothic Neo&quot;, &quot;Malgun Gothic&quot;, Dotdum; font-size: 14px;">야근하기 싫다고직설적인건 좋은방법이 아닌것같고</div><div style="color: rgb(51, 51, 51); font-family: &quot;Helvetica Neue&quot;, Helvetica, Arial, &quot;Apple SD Gothic Neo&quot;, &quot;Malgun Gothic&quot;, Dotdum; font-size: 14px;">12시 넘으면 택시비는 주던데&nbsp;</div><div style="color: rgb(51, 51, 51); font-family: &quot;Helvetica Neue&quot;, Helvetica, Arial, &quot;Apple SD Gothic Neo&quot;, &quot;Malgun Gothic&quot;, Dotdum; font-size: 14px;">택시비 받을려고 일하는것도 아니고</div>',to_date('20/09/13','RR/MM/DD'),to_date('20/09/13','RR/MM/DD'),1,0,'Y','N','N',null);
Insert into GROOMING.BOARD (BOARD_NO,MEMBER_NO,B_CATEGORY_NO,BOARD_TITLE,BOARD_CONTENT,BOARD_CREATE_DATE,BOARD_MODIFY_DATE,BOARD_VCOUNT,BOARD_GCOUNT,BOARD_STATUS,BOARD_REPLY_STATUS,BOARD_SELEC_STATUS,BOARD_IMG) values ('B01085','M00021','BC00002','국비교육 생각보다 많이 어렵네요','<p style="margin-right: 0px; margin-bottom: 10px; margin-left: 0px; color: rgb(51, 51, 51); font-family: &quot;Helvetica Neue&quot;, Helvetica, Arial, &quot;Apple SD Gothic Neo&quot;, &quot;Malgun Gothic&quot;, Dotdum; font-size: 14px;">나이가 어느 정도 찬 비전공자 상태에서 국비교육 과정으로 이 세계에 발을 디디신 분이 계신가요?&nbsp;</p><p style="margin-right: 0px; margin-bottom: 10px; margin-left: 0px; color: rgb(51, 51, 51); font-family: &quot;Helvetica Neue&quot;, Helvetica, Arial, &quot;Apple SD Gothic Neo&quot;, &quot;Malgun Gothic&quot;, Dotdum; font-size: 14px;">계시다면 그리고 그 분이 저와 같은 상황에 처했었다면 어떻게 견뎠는지, 어떻게 공부했는지 공유해주셨으면 감하겠습니다.</p><p style="margin-right: 0px; margin-bottom: 10px; margin-left: 0px; color: rgb(51, 51, 51); font-family: &quot;Helvetica Neue&quot;, Helvetica, Arial, &quot;Apple SD Gothic Neo&quot;, &quot;Malgun Gothic&quot;, Dotdum; font-size: 14px;">&nbsp;끝으로 저의 독학에 도움을 주시는&nbsp;&nbsp;&nbsp;&nbsp;&nbsp;&nbsp;&nbsp;&nbsp;&nbsp;&nbsp;&nbsp;&nbsp;&nbsp;&nbsp;&nbsp;&nbsp;&nbsp;&nbsp;&nbsp;&nbsp;&nbsp;&nbsp;&nbsp;&nbsp;&nbsp;<br></p><p style="margin-right: 0px; margin-bottom: 10px; margin-left: 0px; color: rgb(51, 51, 51); font-family: &quot;Helvetica Neue&quot;, Helvetica, Arial, &quot;Apple SD Gothic Neo&quot;, &quot;Malgun Gothic&quot;, Dotdum; font-size: 14px;">&nbsp;&nbsp;&nbsp;&nbsp;&nbsp;&nbsp;&nbsp;&nbsp;&nbsp;&nbsp;&nbsp; -- youtube에 무료 자바 강좌들을 올리신 생활코딩, 남궁성.... 그 외 선생님들에게 감사드립니다.</p>',to_date('20/09/13','RR/MM/DD'),to_date('20/09/13','RR/MM/DD'),0,0,'Y','N','N',null);
Insert into GROOMING.BOARD (BOARD_NO,MEMBER_NO,B_CATEGORY_NO,BOARD_TITLE,BOARD_CONTENT,BOARD_CREATE_DATE,BOARD_MODIFY_DATE,BOARD_VCOUNT,BOARD_GCOUNT,BOARD_STATUS,BOARD_REPLY_STATUS,BOARD_SELEC_STATUS,BOARD_IMG) values ('B01090','M00008','BC00004','다들 파이팅~!','<p>힘내보자 아자아자</p>',to_date('20/09/13','RR/MM/DD'),to_date('20/09/13','RR/MM/DD'),0,0,'Y','N','N','119172370_2772832096321813_5082195747526685287_n.jpg');
Insert into GROOMING.BOARD (BOARD_NO,MEMBER_NO,B_CATEGORY_NO,BOARD_TITLE,BOARD_CONTENT,BOARD_CREATE_DATE,BOARD_MODIFY_DATE,BOARD_VCOUNT,BOARD_GCOUNT,BOARD_STATUS,BOARD_REPLY_STATUS,BOARD_SELEC_STATUS,BOARD_IMG) values ('B01092','M00015','BC00002','코딩은 어렵다....','<p>너무 어렵네요ㅜㅜㅜ 에휴 주절주절</p>',to_date('20/09/13','RR/MM/DD'),to_date('20/09/13','RR/MM/DD'),0,0,'Y','N','N',null);
Insert into GROOMING.BOARD (BOARD_NO,MEMBER_NO,B_CATEGORY_NO,BOARD_TITLE,BOARD_CONTENT,BOARD_CREATE_DATE,BOARD_MODIFY_DATE,BOARD_VCOUNT,BOARD_GCOUNT,BOARD_STATUS,BOARD_REPLY_STATUS,BOARD_SELEC_STATUS,BOARD_IMG) values ('B01094','M00003','BC00002','코로나때문에 너무 심심하져?','<p>ㅜㅜㅜ다들 뭐하고 노세욤</p>',to_date('20/09/13','RR/MM/DD'),to_date('20/09/13','RR/MM/DD'),0,0,'Y','N','N',null);
Insert into GROOMING.BOARD (BOARD_NO,MEMBER_NO,B_CATEGORY_NO,BOARD_TITLE,BOARD_CONTENT,BOARD_CREATE_DATE,BOARD_MODIFY_DATE,BOARD_VCOUNT,BOARD_GCOUNT,BOARD_STATUS,BOARD_REPLY_STATUS,BOARD_SELEC_STATUS,BOARD_IMG) values ('B01095','M00014','BC00002','가을입니다','<p>날이 추워요 !!! 감기 조심하세요</p>',to_date('20/09/13','RR/MM/DD'),to_date('20/09/13','RR/MM/DD'),0,0,'Y','N','N',null);
Insert into GROOMING.BOARD (BOARD_NO,MEMBER_NO,B_CATEGORY_NO,BOARD_TITLE,BOARD_CONTENT,BOARD_CREATE_DATE,BOARD_MODIFY_DATE,BOARD_VCOUNT,BOARD_GCOUNT,BOARD_STATUS,BOARD_REPLY_STATUS,BOARD_SELEC_STATUS,BOARD_IMG) values ('B01098','M00025','BC00002','코딩 금지','<p>목욕탕에서 코딩하는 사람도 있다죠?!</p>',to_date('20/09/13','RR/MM/DD'),to_date('20/09/13','RR/MM/DD'),0,0,'Y','N','N',null);
Insert into GROOMING.BOARD (BOARD_NO,MEMBER_NO,B_CATEGORY_NO,BOARD_TITLE,BOARD_CONTENT,BOARD_CREATE_DATE,BOARD_MODIFY_DATE,BOARD_VCOUNT,BOARD_GCOUNT,BOARD_STATUS,BOARD_REPLY_STATUS,BOARD_SELEC_STATUS,BOARD_IMG) values ('B01102','M00007','BC00002','데이터넣기 힘들다는','<p>ㅜㅜ</p>',to_date('20/09/13','RR/MM/DD'),to_date('20/09/13','RR/MM/DD'),0,0,'Y','N','N',null);
Insert into GROOMING.BOARD (BOARD_NO,MEMBER_NO,B_CATEGORY_NO,BOARD_TITLE,BOARD_CONTENT,BOARD_CREATE_DATE,BOARD_MODIFY_DATE,BOARD_VCOUNT,BOARD_GCOUNT,BOARD_STATUS,BOARD_REPLY_STATUS,BOARD_SELEC_STATUS,BOARD_IMG) values ('B01107','M00024','BC00002','3시간동안 하던일이 ....','<p>그만 멈춰버리고 말았어요 ㅠ0ㅠ</p>',to_date('20/09/13','RR/MM/DD'),to_date('20/09/13','RR/MM/DD'),0,0,'Y','N','N',null);
Insert into GROOMING.BOARD (BOARD_NO,MEMBER_NO,B_CATEGORY_NO,BOARD_TITLE,BOARD_CONTENT,BOARD_CREATE_DATE,BOARD_MODIFY_DATE,BOARD_VCOUNT,BOARD_GCOUNT,BOARD_STATUS,BOARD_REPLY_STATUS,BOARD_SELEC_STATUS,BOARD_IMG) values ('B01127','M00020','BC00002','마지막의 데이터인가요?','<p>으아</p>',to_date('20/09/13','RR/MM/DD'),to_date('20/09/13','RR/MM/DD'),0,0,'Y','N','N',null);
Insert into GROOMING.BOARD (BOARD_NO,MEMBER_NO,B_CATEGORY_NO,BOARD_TITLE,BOARD_CONTENT,BOARD_CREATE_DATE,BOARD_MODIFY_DATE,BOARD_VCOUNT,BOARD_GCOUNT,BOARD_STATUS,BOARD_REPLY_STATUS,BOARD_SELEC_STATUS,BOARD_IMG) values ('B01136','M00026','BC00002','sd','<p>sd</p>',to_date('20/09/13','RR/MM/DD'),to_date('20/09/13','RR/MM/DD'),0,0,'Y','N','N',null);
Insert into GROOMING.BOARD (BOARD_NO,MEMBER_NO,B_CATEGORY_NO,BOARD_TITLE,BOARD_CONTENT,BOARD_CREATE_DATE,BOARD_MODIFY_DATE,BOARD_VCOUNT,BOARD_GCOUNT,BOARD_STATUS,BOARD_REPLY_STATUS,BOARD_SELEC_STATUS,BOARD_IMG) values ('B01137','M00026','BC00002','dfs','<p>sdf</p>',to_date('20/09/13','RR/MM/DD'),to_date('20/09/13','RR/MM/DD'),1,0,'Y','N','N',null);








--------------------------------------------------------
Insert into GROOMING.GROOMING (GROOMING_NO,MEMBER_NO,GROOMING_TYPE,GROOMING_TITLE,GROOMING_CONTENT,GROOMING_INTRODUCE,GROOMING_PARTICIPANTS,STUDY_START_DATE,STUDY_END_DATE,GROOMING_START_DATE,GROOMING_END_DATE,DEPOSIT_MONEY,GROOMING_IMG,GROOMING_CREATE_DATE,GROOMING_MODIFY_DATE,GROOMING_STATUS,GROOMING_COUNT,GROOMING_NOW_DATE,GROOMING_CURRENT_PEOPLE) values ('G00001','M00008','호스트','SNS+ECommerce ','서울 강남구 근교에서 19년차 현업 개발자가 직접 코딩 시범 보여주면서 진행합니다. 평일 저녁 7시 이후 또는 토요일 오후 3시 이후에  2시간씩 진행합니다. 주 1회 참여방식입니다.','앱 스터디세미나(19년차개발자가 제작시범, 매주진행)',4,to_date('20/08/10','RR/MM/DD'),to_date('23/06/08','RR/MM/DD'),to_date('20/08/01','RR/MM/DD'),to_date('20/08/09','RR/MM/DD'),'0','20200829114521.png',to_date('20/08/06','RR/MM/DD'),to_date('20/08/06','RR/MM/DD'),'Y',1,to_date('20/09/13','RR/MM/DD'),1);
Insert into GROOMING.GROOMING (GROOMING_NO,MEMBER_NO,GROOMING_TYPE,GROOMING_TITLE,GROOMING_CONTENT,GROOMING_INTRODUCE,GROOMING_PARTICIPANTS,STUDY_START_DATE,STUDY_END_DATE,GROOMING_START_DATE,GROOMING_END_DATE,DEPOSIT_MONEY,GROOMING_IMG,GROOMING_CREATE_DATE,GROOMING_MODIFY_DATE,GROOMING_STATUS,GROOMING_COUNT,GROOMING_NOW_DATE,GROOMING_CURRENT_PEOPLE) values ('G00002','M00012','호스트','초보 JAVA스터디','토요일 신림에서 오전 10시부터 2,3시간 예상하고 있고요 
먼저 강의를 듣고 그 후에는 서로 모르는거 물어보거나 하는 시간을 갖고싶습니다.
저는 자바 공부한지 한지 한달정도 되었습니다','신림 초보 JAVA 스터디 모집합니다',6,to_date('20/09/17','RR/MM/DD'),to_date('23/06/08','RR/MM/DD'),to_date('20/09/15','RR/MM/DD'),to_date('20/09/16','RR/MM/DD'),'10000','20200829114804.png',to_date('20/08/06','RR/MM/DD'),to_date('20/08/06','RR/MM/DD'),'Y',0,to_date('20/09/13','RR/MM/DD'),1);
Insert into GROOMING.GROOMING (GROOMING_NO,MEMBER_NO,GROOMING_TYPE,GROOMING_TITLE,GROOMING_CONTENT,GROOMING_INTRODUCE,GROOMING_PARTICIPANTS,STUDY_START_DATE,STUDY_END_DATE,GROOMING_START_DATE,GROOMING_END_DATE,DEPOSIT_MONEY,GROOMING_IMG,GROOMING_CREATE_DATE,GROOMING_MODIFY_DATE,GROOMING_STATUS,GROOMING_COUNT,GROOMING_NOW_DATE,GROOMING_CURRENT_PEOPLE) values ('G00003','M00015','호스트','모각코','일산에서 모각코 하실분 모집합니다!토요일 9:00~12:00로 생각하고 있고 조정 가능합니다.뭐 처음 만나서 자기소개 잠시 하고 마지막에 이야기 조금 하면 좋을 것 같아요!현재 생각하는 곳은 백석역-마두역-일산동구청 라인에 카페입니다!','[일산] 모각코 모집',5,to_date('20/09/20','RR/MM/DD'),to_date('23/06/08','RR/MM/DD'),to_date('20/09/11','RR/MM/DD'),to_date('20/09/19','RR/MM/DD'),'15000','20200829115108.png',to_date('20/08/06','RR/MM/DD'),to_date('20/08/06','RR/MM/DD'),'Y',10,to_date('20/09/13','RR/MM/DD'),1);
Insert into GROOMING.GROOMING (GROOMING_NO,MEMBER_NO,GROOMING_TYPE,GROOMING_TITLE,GROOMING_CONTENT,GROOMING_INTRODUCE,GROOMING_PARTICIPANTS,STUDY_START_DATE,STUDY_END_DATE,GROOMING_START_DATE,GROOMING_END_DATE,DEPOSIT_MONEY,GROOMING_IMG,GROOMING_CREATE_DATE,GROOMING_MODIFY_DATE,GROOMING_STATUS,GROOMING_COUNT,GROOMING_NOW_DATE,GROOMING_CURRENT_PEOPLE) values ('G00004','M00003','멘토','스티브자바','@ 조건

나이 : 29세 이상 성실하고 좋은 인성을 가지신 분

시간 : 일요일 매주 오후 2시~ 오후 4시반

마인드 : 스티브리자바의 제자로써 계속적 관계를 유지할 수 있는 분','스티브자바입니다 무료로 3년차 이상 된 초급 자바개발자 중 개발이 두려워 하루하루 힘들어 하시는 분이나 중급개발자로 빠르게 치고 올라가고 싶으신 분들을 위해 스터디그룹 모집합니다.',6,to_date('20/09/27','RR/MM/DD'),to_date('23/06/08','RR/MM/DD'),to_date('20/09/11','RR/MM/DD'),to_date('20/09/26','RR/MM/DD'),'100000','20200829120401.png',to_date('20/08/06','RR/MM/DD'),to_date('20/09/12','RR/MM/DD'),'Y',4,to_date('20/09/13','RR/MM/DD'),1);
Insert into GROOMING.GROOMING (GROOMING_NO,MEMBER_NO,GROOMING_TYPE,GROOMING_TITLE,GROOMING_CONTENT,GROOMING_INTRODUCE,GROOMING_PARTICIPANTS,STUDY_START_DATE,STUDY_END_DATE,GROOMING_START_DATE,GROOMING_END_DATE,DEPOSIT_MONEY,GROOMING_IMG,GROOMING_CREATE_DATE,GROOMING_MODIFY_DATE,GROOMING_STATUS,GROOMING_COUNT,GROOMING_NOW_DATE,GROOMING_CURRENT_PEOPLE) values ('G00005','M00005','멘토','머신러닝머신','장소: 사당역
시간:주1회 2시간(11시~1시)
주제:주로 추천시스템, 검색엔진 등 텍스트 분석 중심으로 공부
진행방식: 각자 한주간 공부할 내용을 정하시고 모여서 공부한 내용을 공유하시면 됩니다.

공부분량을 따로 정해져 있지 않고 본인이 하신만큼 순비해오셔서 공유하시면 됩니다.','사당역 머신러닝 스터디(일요일11시)',3,to_date('20/09/16','RR/MM/DD'),to_date('23/06/08','RR/MM/DD'),to_date('20/09/11','RR/MM/DD'),to_date('20/09/15','RR/MM/DD'),'0','20200829120520.png',to_date('20/08/06','RR/MM/DD'),to_date('20/08/06','RR/MM/DD'),'Y',4,to_date('20/09/13','RR/MM/DD'),1);
Insert into GROOMING.GROOMING (GROOMING_NO,MEMBER_NO,GROOMING_TYPE,GROOMING_TITLE,GROOMING_CONTENT,GROOMING_INTRODUCE,GROOMING_PARTICIPANTS,STUDY_START_DATE,STUDY_END_DATE,GROOMING_START_DATE,GROOMING_END_DATE,DEPOSIT_MONEY,GROOMING_IMG,GROOMING_CREATE_DATE,GROOMING_MODIFY_DATE,GROOMING_STATUS,GROOMING_COUNT,GROOMING_NOW_DATE,GROOMING_CURRENT_PEOPLE) values ('G00009','M00004','호스트','공기업 준비(생활스터디)','아침 기상 인증( 8시까지 책상인증)
NCS 문제 풀이 인증( 최소 20문제- 빈 종이에 문제 풀이 작성) 
-그 밖에 준비하고 있는자격증공부도 인정 하루에 두가지 불 인증 , 3번 누적시 경고 및 퇴출','그 밖에 준비하고 있는자격증공부도 인정 하루에 두가지 불 인증 , 3번 누적시 경고 및 퇴출',6,to_date('20/10/01','RR/MM/DD'),to_date('23/06/08','RR/MM/DD'),to_date('20/09/11','RR/MM/DD'),to_date('20/09/30','RR/MM/DD'),'0','20200831181429.jpg',to_date('20/08/31','RR/MM/DD'),null,'Y',0,to_date('20/09/13','RR/MM/DD'),1);
Insert into GROOMING.GROOMING (GROOMING_NO,MEMBER_NO,GROOMING_TYPE,GROOMING_TITLE,GROOMING_CONTENT,GROOMING_INTRODUCE,GROOMING_PARTICIPANTS,STUDY_START_DATE,STUDY_END_DATE,GROOMING_START_DATE,GROOMING_END_DATE,DEPOSIT_MONEY,GROOMING_IMG,GROOMING_CREATE_DATE,GROOMING_MODIFY_DATE,GROOMING_STATUS,GROOMING_COUNT,GROOMING_NOW_DATE,GROOMING_CURRENT_PEOPLE) values ('G00006','M00001','멘토','UX/UI-서비스기획 스터디','- 주요 앱,웹 서비스 UX 분석 및 기재(글-브런치,블로그 등등)
- 프로젝트를 위한 개발언어 및 툴 학습(adobe xd, 데이터분석관련 자격증, 프로그래밍 언어 등)
- 서비스 UX 분석에 기반한 학습 툴 활용','UX/UI-서비스기획직무 스터디 및 프로젝트 실행',6,to_date('20/09/17','RR/MM/DD'),to_date('23/06/08','RR/MM/DD'),to_date('20/09/11','RR/MM/DD'),to_date('20/09/16','RR/MM/DD'),'30000','20200831180225.jpg',to_date('20/08/31','RR/MM/DD'),null,'Y',2,to_date('20/09/13','RR/MM/DD'),1);
Insert into GROOMING.GROOMING (GROOMING_NO,MEMBER_NO,GROOMING_TYPE,GROOMING_TITLE,GROOMING_CONTENT,GROOMING_INTRODUCE,GROOMING_PARTICIPANTS,STUDY_START_DATE,STUDY_END_DATE,GROOMING_START_DATE,GROOMING_END_DATE,DEPOSIT_MONEY,GROOMING_IMG,GROOMING_CREATE_DATE,GROOMING_MODIFY_DATE,GROOMING_STATUS,GROOMING_COUNT,GROOMING_NOW_DATE,GROOMING_CURRENT_PEOPLE) values ('G00008','M00002','호스트',' [강남/교대] 일단 모여서 각자 공부합시다!','회계/세무/최준/어학/회화 등 다양한 분야를 공부하는 사람들끼리 서로 동기부여하며 각자 공부합시다! 혼자서하면 힘들지만 같이 하면 할 수 있습니다.','혼자서 하면 힘듭니다. 일단 모여서 각자 공부합시다!',6,to_date('20/10/21','RR/MM/DD'),to_date('23/06/08','RR/MM/DD'),to_date('20/09/11','RR/MM/DD'),to_date('20/10/20','RR/MM/DD'),'0','20200831181239.jpg',to_date('20/08/31','RR/MM/DD'),null,'Y',0,to_date('20/09/13','RR/MM/DD'),1);
Insert into GROOMING.GROOMING (GROOMING_NO,MEMBER_NO,GROOMING_TYPE,GROOMING_TITLE,GROOMING_CONTENT,GROOMING_INTRODUCE,GROOMING_PARTICIPANTS,STUDY_START_DATE,STUDY_END_DATE,GROOMING_START_DATE,GROOMING_END_DATE,DEPOSIT_MONEY,GROOMING_IMG,GROOMING_CREATE_DATE,GROOMING_MODIFY_DATE,GROOMING_STATUS,GROOMING_COUNT,GROOMING_NOW_DATE,GROOMING_CURRENT_PEOPLE) values ('G00010','M00006','호스트','커리어코치 잘사는언니와 함께 해요','안녕하세요 유튜버 잘사는언니니입니다. 잘사는언니는 잘사는클라스, 생각정리스쿨에서 진로커리어/취업자소서/취업면접/생각정리/유튜브를 컨설팅&코칭하고 있어요~ 대기업 공채 5,500명 중 1등으로 수석입사한 노하우를 친절하게 알려드리고 있죠! 이직 10번 이상을 해 본 경험을 바탕으로, 자기소개서/면접/이직/퇴사 등에 대해 조언해 드리고 함께 방향을 잡아드리는 커리어 전문 컨설턴트이자 커리어코치입니다 :) 유튜브 <잘사는언니>채널도 구독, 좋아요, 알림설정 해주셔요~^^ 함께 소통하며 한 번 뿐인 삶, 함께 행복하게 만들어나가요~','쿠팡 공채 5,500명 중 1등으로 수석입사한 잘사는언니와 함께!',6,to_date('20/11/01','RR/MM/DD'),to_date('23/06/08','RR/MM/DD'),to_date('20/09/11','RR/MM/DD'),to_date('20/10/31','RR/MM/DD'),'15000','20200831181555.jpg',to_date('20/08/31','RR/MM/DD'),to_date('20/09/12','RR/MM/DD'),'Y',4,to_date('20/09/13','RR/MM/DD'),1);
Insert into GROOMING.GROOMING (GROOMING_NO,MEMBER_NO,GROOMING_TYPE,GROOMING_TITLE,GROOMING_CONTENT,GROOMING_INTRODUCE,GROOMING_PARTICIPANTS,STUDY_START_DATE,STUDY_END_DATE,GROOMING_START_DATE,GROOMING_END_DATE,DEPOSIT_MONEY,GROOMING_IMG,GROOMING_CREATE_DATE,GROOMING_MODIFY_DATE,GROOMING_STATUS,GROOMING_COUNT,GROOMING_NOW_DATE,GROOMING_CURRENT_PEOPLE) values ('G00011','M00007','호스트','IT 취업진로 스터디 모임','프로그래밍, 빅데이터, 정보보안, 네트워크 모든지 서로 공유하는 그런 모임이 되고자 합니다','IT에 궁금한 취업과 진로에 모든 것',6,to_date('20/09/26','RR/MM/DD'),to_date('23/06/08','RR/MM/DD'),to_date('20/09/11','RR/MM/DD'),to_date('20/09/25','RR/MM/DD'),'0','20200831181730.jpg',to_date('20/08/31','RR/MM/DD'),null,'Y',2,to_date('20/09/13','RR/MM/DD'),1);
Insert into GROOMING.GROOMING (GROOMING_NO,MEMBER_NO,GROOMING_TYPE,GROOMING_TITLE,GROOMING_CONTENT,GROOMING_INTRODUCE,GROOMING_PARTICIPANTS,STUDY_START_DATE,STUDY_END_DATE,GROOMING_START_DATE,GROOMING_END_DATE,DEPOSIT_MONEY,GROOMING_IMG,GROOMING_CREATE_DATE,GROOMING_MODIFY_DATE,GROOMING_STATUS,GROOMING_COUNT,GROOMING_NOW_DATE,GROOMING_CURRENT_PEOPLE) values ('G00012','M00009','호스트','프로그래밍 스터디 그룹 (스맛프) 입니다!','진지하게 프로그래밍 실력을 향상하고자 하는 분들과 스터디 모임을 구성하고자 합니다.','프로그래밍 관련 실력 향상에 도움을 줄 수 있는 스터디 입니다.',6,to_date('20/10/06','RR/MM/DD'),to_date('23/06/08','RR/MM/DD'),to_date('20/09/11','RR/MM/DD'),to_date('20/10/05','RR/MM/DD'),'0','20200831181913.jpg',to_date('20/08/31','RR/MM/DD'),null,'Y',1,to_date('20/09/13','RR/MM/DD'),1);
Insert into GROOMING.GROOMING (GROOMING_NO,MEMBER_NO,GROOMING_TYPE,GROOMING_TITLE,GROOMING_CONTENT,GROOMING_INTRODUCE,GROOMING_PARTICIPANTS,STUDY_START_DATE,STUDY_END_DATE,GROOMING_START_DATE,GROOMING_END_DATE,DEPOSIT_MONEY,GROOMING_IMG,GROOMING_CREATE_DATE,GROOMING_MODIFY_DATE,GROOMING_STATUS,GROOMING_COUNT,GROOMING_NOW_DATE,GROOMING_CURRENT_PEOPLE) values ('G00013','M00010','호스트','MI(MIXIN)','''바보 100명이 모여서 한 명의 천재를 이긴다.''는 말처럼 각자의 분야에서 뛰어 난 것은 아니지만 그 분야에서 즐겁게 하고 있는 사람들이 모였습니다. 서로 열정을 가지고 서로 존중하는 모임입니다.','다양한 전공을 가진 사람들의 친목 모임',6,to_date('20/09/19','RR/MM/DD'),to_date('23/06/08','RR/MM/DD'),to_date('20/09/11','RR/MM/DD'),to_date('20/09/18','RR/MM/DD'),'0','20200831182146.jpg',to_date('20/08/31','RR/MM/DD'),null,'Y',1,to_date('20/09/13','RR/MM/DD'),1);
Insert into GROOMING.GROOMING (GROOMING_NO,MEMBER_NO,GROOMING_TYPE,GROOMING_TITLE,GROOMING_CONTENT,GROOMING_INTRODUCE,GROOMING_PARTICIPANTS,STUDY_START_DATE,STUDY_END_DATE,GROOMING_START_DATE,GROOMING_END_DATE,DEPOSIT_MONEY,GROOMING_IMG,GROOMING_CREATE_DATE,GROOMING_MODIFY_DATE,GROOMING_STATUS,GROOMING_COUNT,GROOMING_NOW_DATE,GROOMING_CURRENT_PEOPLE) values ('G00014','M00011','호스트','[공기업] NCS, 전공, 면접준비','19년 상반기 4곳 최합을 통한 경험 알려드립니다','공기업 취업을 위해!',6,to_date('20/09/17','RR/MM/DD'),to_date('23/06/08','RR/MM/DD'),to_date('20/09/11','RR/MM/DD'),to_date('20/09/16','RR/MM/DD'),'10000','20200831182255.jpg',to_date('20/08/31','RR/MM/DD'),null,'Y',0,to_date('20/09/13','RR/MM/DD'),1);
Insert into GROOMING.GROOMING (GROOMING_NO,MEMBER_NO,GROOMING_TYPE,GROOMING_TITLE,GROOMING_CONTENT,GROOMING_INTRODUCE,GROOMING_PARTICIPANTS,STUDY_START_DATE,STUDY_END_DATE,GROOMING_START_DATE,GROOMING_END_DATE,DEPOSIT_MONEY,GROOMING_IMG,GROOMING_CREATE_DATE,GROOMING_MODIFY_DATE,GROOMING_STATUS,GROOMING_COUNT,GROOMING_NOW_DATE,GROOMING_CURRENT_PEOPLE) values ('G00015','M00013','호스트','IBK기업은행 시험당일 합격예측 서비스 사전예약','IBK기업은행 시험당일 합격예측 서비스 사전예약! 사전예약자 전원, 100% 혜택 증정! 합격예측 서비스란? 시험 당일 빠르게 나의 합격 가능성을 예측할 수 있는 서비스! <참여방법 및 혜택> 1) 다짐글 작성시, 전원 "허쉬 초콜릿 드링크" 증정 + 건보 패키지 50%할인권/ 건보 모의고사 2) 응시인증 사진 업로드시, 전원 "베라 싱글레귤러콘"증정 혜택받고 합격예측 서비스 받아봐요??','IBK 기업은행 시험당일 합격예측 서비스 사전예약',6,to_date('20/09/22','RR/MM/DD'),to_date('23/06/08','RR/MM/DD'),to_date('20/09/11','RR/MM/DD'),to_date('20/09/21','RR/MM/DD'),'0','20200831182423.png',to_date('20/08/31','RR/MM/DD'),null,'Y',2,to_date('20/09/13','RR/MM/DD'),1);
Insert into GROOMING.GROOMING (GROOMING_NO,MEMBER_NO,GROOMING_TYPE,GROOMING_TITLE,GROOMING_CONTENT,GROOMING_INTRODUCE,GROOMING_PARTICIPANTS,STUDY_START_DATE,STUDY_END_DATE,GROOMING_START_DATE,GROOMING_END_DATE,DEPOSIT_MONEY,GROOMING_IMG,GROOMING_CREATE_DATE,GROOMING_MODIFY_DATE,GROOMING_STATUS,GROOMING_COUNT,GROOMING_NOW_DATE,GROOMING_CURRENT_PEOPLE) values ('G00016','M00014','호스트',' 통계학과 취준생과 같이 달려요','안녕하세요 여러분! 저는 4학년 2학기 복학예정인 통계학과 학생입니다. It와 데이터에 관심있는 학생이고 남은 대학생활동안 데이터관련 활동과 스펙을 쌓는 목표를 가지고 있습니다. 같이 달려요?????????♂??????♂?','??통계학과 재학생&휴학생들의 취준모임??',4,to_date('20/10/06','RR/MM/DD'),to_date('23/06/08','RR/MM/DD'),to_date('20/09/11','RR/MM/DD'),to_date('20/10/05','RR/MM/DD'),'0','20200831182554.jpg',to_date('20/08/31','RR/MM/DD'),null,'Y',3,to_date('20/09/13','RR/MM/DD'),1);
Insert into GROOMING.GROOMING (GROOMING_NO,MEMBER_NO,GROOMING_TYPE,GROOMING_TITLE,GROOMING_CONTENT,GROOMING_INTRODUCE,GROOMING_PARTICIPANTS,STUDY_START_DATE,STUDY_END_DATE,GROOMING_START_DATE,GROOMING_END_DATE,DEPOSIT_MONEY,GROOMING_IMG,GROOMING_CREATE_DATE,GROOMING_MODIFY_DATE,GROOMING_STATUS,GROOMING_COUNT,GROOMING_NOW_DATE,GROOMING_CURRENT_PEOPLE) values ('G00017','M00016','호스트','jw요리연구소','위 자격증을 취득 하시고 싶으면 전적으로 저를 믿으셔야 합니다. 100% 합격률을 위해 소수 정예원들로만 구성 하겠습니다.','조리기능사(양식,복어) 취득 위한 스터디 방 입니다.',5,to_date('20/09/26','RR/MM/DD'),to_date('23/06/08','RR/MM/DD'),to_date('20/09/11','RR/MM/DD'),to_date('20/09/25','RR/MM/DD'),'30000','20200831182709.jpg',to_date('20/08/31','RR/MM/DD'),null,'Y',1,to_date('20/09/13','RR/MM/DD'),1);
Insert into GROOMING.GROOMING (GROOMING_NO,MEMBER_NO,GROOMING_TYPE,GROOMING_TITLE,GROOMING_CONTENT,GROOMING_INTRODUCE,GROOMING_PARTICIPANTS,STUDY_START_DATE,STUDY_END_DATE,GROOMING_START_DATE,GROOMING_END_DATE,DEPOSIT_MONEY,GROOMING_IMG,GROOMING_CREATE_DATE,GROOMING_MODIFY_DATE,GROOMING_STATUS,GROOMING_COUNT,GROOMING_NOW_DATE,GROOMING_CURRENT_PEOPLE) values ('G00018','M00017','호스트','창원, 마산 자율스터디 모집','안녕하세요 23살 대학생입니다. 혼자 공부하고있는데 잘 안되시는분, 함께 공부하면서 앞으로 나갈분 많은 참여 부탁드립니다! 지역은 창원, 마산이며 시간과 상세장소는 협의해서 정해봐요!','아무나 열정만 있다면 들어오십시오',6,to_date('20/09/22','RR/MM/DD'),to_date('23/06/08','RR/MM/DD'),to_date('20/09/11','RR/MM/DD'),to_date('20/09/21','RR/MM/DD'),'0','20200831182813.png',to_date('20/08/31','RR/MM/DD'),null,'Y',2,to_date('20/09/13','RR/MM/DD'),1);
Insert into GROOMING.GROOMING (GROOMING_NO,MEMBER_NO,GROOMING_TYPE,GROOMING_TITLE,GROOMING_CONTENT,GROOMING_INTRODUCE,GROOMING_PARTICIPANTS,STUDY_START_DATE,STUDY_END_DATE,GROOMING_START_DATE,GROOMING_END_DATE,DEPOSIT_MONEY,GROOMING_IMG,GROOMING_CREATE_DATE,GROOMING_MODIFY_DATE,GROOMING_STATUS,GROOMING_COUNT,GROOMING_NOW_DATE,GROOMING_CURRENT_PEOPLE) values ('G01002','M00018','멘토','문과생 1지망 진로, 직업의 모든 것','서울대학교 경영학과를 졸업해, 전략 컨설팅펌에서 일하고 스타트업을 거쳐 지금은 사업을 하고 있습니다. 취업, 이직 무엇보다 누구보다 많이 고민했습니다. 가까운 친구들은 고시, 공기업, 대기업, 중소기업, 스타트업, 의사, 변호사, 프리랜서 다방면으로 진출해있습니다. 술자리와 직장에서의 수차례 고민 상담으로 이제 어떻게 돌아가는지 다 알 것 같아요. 선택한, 선택할 진로에 대해 현실세계의 이야기가 궁금하다면 동네형처럼 편하게 물어봐요 :-) 하나하나 심사숙고해서 답변 드립니다.','서울대경영학과 졸업생의 인맥대잔치 멘토링',6,to_date('20/10/01','RR/MM/DD'),to_date('20/10/30','RR/MM/DD'),to_date('20/09/13','RR/MM/DD'),to_date('20/09/30','RR/MM/DD'),'6000','20200913105023.jpg',to_date('20/09/13','RR/MM/DD'),null,'Y',2,to_date('20/09/13','RR/MM/DD'),1);
Insert into GROOMING.GROOMING (GROOMING_NO,MEMBER_NO,GROOMING_TYPE,GROOMING_TITLE,GROOMING_CONTENT,GROOMING_INTRODUCE,GROOMING_PARTICIPANTS,STUDY_START_DATE,STUDY_END_DATE,GROOMING_START_DATE,GROOMING_END_DATE,DEPOSIT_MONEY,GROOMING_IMG,GROOMING_CREATE_DATE,GROOMING_MODIFY_DATE,GROOMING_STATUS,GROOMING_COUNT,GROOMING_NOW_DATE,GROOMING_CURRENT_PEOPLE) values ('G01003','M00019','멘토','공무원·임용 비밀자료','비밀자료 소개
# 5년 장수생의 잘못된 공부방법
# 시기적으로 가장 효율적인 공부방법은?
# 힘든 수험생활 극복방법까지!
시기별로 무엇을 해야 할지 몰라 공부 시작에 어려움을 겪는 분
점수가 일정 구간에서 정체되어 무엇을 해야 할지 모르는 분
수험 생활의 어려움으로 정신적으로 힘드신 분
비밀자료 목차
이 자료는 총 3편으로 구성되어 있습니다.

★(Vol.1) 에서는 점수 변화 추이와 인강과 학원 선택 노하우를 상세하게 담았습니다.

★(Vol. 1) [5년 분석] 각종 공부법 완벽 정리

■ PART 1 : 처음 공무원 공부를 시작하면서
· 처음 시작했던 나의 잘못된 공부법
· 강사 선택의 기준

■ PART 2 : 공부를 시작할 때의 나
· 고등학교, 대학교 때의 성적
· 선택 과목 어떤 것을 할 것인가에 대한 고민

■ PART 3 : 점수 변화 추이
· 시험별 점수 변화

■ PART 4 : 인강 / 학원 선택
· 국어 : 고혜원','[5년 분석] 각종 공부법 완벽 정리 Vol. 1 ',5,to_date('20/10/21','RR/MM/DD'),to_date('20/09/30','RR/MM/DD'),to_date('20/09/16','RR/MM/DD'),to_date('20/10/20','RR/MM/DD'),'14000','20200913132930.jpg',to_date('20/09/13','RR/MM/DD'),to_date('20/09/13','RR/MM/DD'),'Y',44,to_date('20/09/13','RR/MM/DD'),1);
Insert into GROOMING.GROOMING (GROOMING_NO,MEMBER_NO,GROOMING_TYPE,GROOMING_TITLE,GROOMING_CONTENT,GROOMING_INTRODUCE,GROOMING_PARTICIPANTS,STUDY_START_DATE,STUDY_END_DATE,GROOMING_START_DATE,GROOMING_END_DATE,DEPOSIT_MONEY,GROOMING_IMG,GROOMING_CREATE_DATE,GROOMING_MODIFY_DATE,GROOMING_STATUS,GROOMING_COUNT,GROOMING_NOW_DATE,GROOMING_CURRENT_PEOPLE) values ('G01004','M00020','멘토','비밀모임','비밀모임 소개
앞으로 토익 700점 팁들에 대해 한달에 3편가량 연재하게 되었습니다 공부법의 이해를 돕기 쉽게 풀어서 설명할 수 있는 기회가 되겠네요. 미션의 많은 참여 부탁드립니다

▶모임의 목표:
-본인의 베이스에 따라 최소 1달 이내에 700점 달성을 목표!

▶모임 커리큘럼:
1주차 : 교재 선택, 공부법 숙지
2주차 : RC공부(기본서 실전문제 풀이, 문장분석)
3주차 : RC공부(실전서 문제풀이, 문장분석)
4주차 : LC공부 + 마무리공부
----------------------------------------------------------------------------------

저는 영어 노베이스인 상태로 입대를 하여 군 복무중 2개월동안 공부해서 첫 토익 750점을 받았습니다. 군대라는 특성상 공부할 시간도, 체력도 충분하지 못한 최악의 환경에서도 쌩초보가 2개월만에 인생 첫 토익 750점을 받을 수 있게 만든 공부법을 소개
','[토익]매일 2시간 1개월 700점 달성모임 ',4,to_date('20/11/25','RR/MM/DD'),to_date('20/09/30','RR/MM/DD'),to_date('20/09/13','RR/MM/DD'),to_date('20/11/24','RR/MM/DD'),'5000','20200913135408.jpg',to_date('20/09/13','RR/MM/DD'),null,'Y',0,to_date('20/09/13','RR/MM/DD'),1);
Insert into GROOMING.GROOMING (GROOMING_NO,MEMBER_NO,GROOMING_TYPE,GROOMING_TITLE,GROOMING_CONTENT,GROOMING_INTRODUCE,GROOMING_PARTICIPANTS,STUDY_START_DATE,STUDY_END_DATE,GROOMING_START_DATE,GROOMING_END_DATE,DEPOSIT_MONEY,GROOMING_IMG,GROOMING_CREATE_DATE,GROOMING_MODIFY_DATE,GROOMING_STATUS,GROOMING_COUNT,GROOMING_NOW_DATE,GROOMING_CURRENT_PEOPLE) values ('G01006','M00025','멘토','대입·수능 비밀자료','게임 중독 탈출 방법과 내신 꿀팁 대방출

# 야자 튀던 1학년이 아침 6시에 등교?!

# 이과생이 들려주는 국어 이야기

# 내신 수직상승의 비결

내신 성적을 올리고 싶은 일반고 학생

국어 내신이 어려운 이과생

게임 중독을 탈출하고 싶은 학생

■ PART 1 : 내신 과목별 공부법
· 국어
· 수학
· 영어
· 과학

■ PART 2 : 내신 상승의 비결

■ PART 3 : 팁&노하우','3.14→1.12 내신상승 비법서',3,to_date('20/09/30','RR/MM/DD'),to_date('20/10/30','RR/MM/DD'),to_date('20/09/16','RR/MM/DD'),to_date('20/09/29','RR/MM/DD'),'1000','20200913145800.jpg',to_date('20/09/13','RR/MM/DD'),null,'Y',5,to_date('20/09/13','RR/MM/DD'),1);
--------------------------------------------------------
Insert into GROOMING.REPLY (REPLY_NO,BOARD_NO,B_CATEGORY_NO,MEMBER_NO,REPLY_CONTENT,REPLY_CREATE_DATE,REPLY_MODIFY_DATE,PEPLY_SELECTION,REPLY_STATUS,DECLARATION_COUNT) values ('RR00001','B00010','BC00005','M00001','자바',to_date('20/08/06','RR/MM/DD'),to_date('20/08/06','RR/MM/DD'),'N','Y',0);
Insert into GROOMING.REPLY (REPLY_NO,BOARD_NO,B_CATEGORY_NO,MEMBER_NO,REPLY_CONTENT,REPLY_CREATE_DATE,REPLY_MODIFY_DATE,PEPLY_SELECTION,REPLY_STATUS,DECLARATION_COUNT) values ('RR00002','B00010','BC00005','M00001','어휴',to_date('20/08/06','RR/MM/DD'),to_date('20/08/06','RR/MM/DD'),'N','Y',0);
Insert into GROOMING.REPLY (REPLY_NO,BOARD_NO,B_CATEGORY_NO,MEMBER_NO,REPLY_CONTENT,REPLY_CREATE_DATE,REPLY_MODIFY_DATE,PEPLY_SELECTION,REPLY_STATUS,DECLARATION_COUNT) values ('RR00003','B00011','BC00005','M00025','워',to_date('20/08/06','RR/MM/DD'),to_date('20/08/06','RR/MM/DD'),'N','Y',0);
Insert into GROOMING.REPLY (REPLY_NO,BOARD_NO,B_CATEGORY_NO,MEMBER_NO,REPLY_CONTENT,REPLY_CREATE_DATE,REPLY_MODIFY_DATE,PEPLY_SELECTION,REPLY_STATUS,DECLARATION_COUNT) values ('RR00004','B00011','BC00005','M00024','와르 입니다.',to_date('20/08/06','RR/MM/DD'),to_date('20/08/06','RR/MM/DD'),'Y','Y',0);

--------------------------------------------------------
Insert into GROOMING.BIMAGES (IMG_NO,BOARD_NO,IMG_NAME) values ('IMG00001','B00001','SAMPLE.jpg');

--------------------------------------------------------
Insert into GROOMING.STUDYCAFE (CAFE_NO,CAFE_NAME,CAFE_CONTENT,CAFE_PHONE,CAFE_ADDRESS) values ('ST00001','에스랩 스터디카페 1호점','최선의 과정을 위한 최적의 환경, 에스랩
고심끝에 시작한 나의 여정동안
시간을 헛되게 보내지 않도록
시작할 때의 그 결심 그대로 시간을 가치있게 보낼 수 있도록
에스랩은 항상 준비되어 있습니다. 
새로운 마음가짐으로 공부를 시작한 나에게 맞는 공간을 찾기는 쉬운 일이 아닙니다. 
오로지 그 과정만을 위해 만들어진 공간

','02-521-1624','서울특별시 서초구 강남대로51길 10 효성해링턴타워 2층 에스랩');
Insert into GROOMING.STUDYCAFE (CAFE_NO,CAFE_NAME,CAFE_CONTENT,CAFE_PHONE,CAFE_ADDRESS) values ('ST00002','에스랩 스터디카페 2호점','최선의 과정을 위한 최적의 환경, 에스랩','02-536-1624','서울특별시 서초구 서초동 1303-16 아이파크 1차 L3층 S-Lab');
Insert into GROOMING.STUDYCAFE (CAFE_NO,CAFE_NAME,CAFE_CONTENT,CAFE_PHONE,CAFE_ADDRESS) values ('ST00003','슈퍼스타트 강남점','스터디, 회의, 미팅, 조모임, 면접준비, 강의 등 여러명이 모여서 할 수 있는 코웍 플레이스','0504-0905-3875','서울특별시 강남구 테헤란로 101 이즈타워 지하 3층 슈퍼스타트');
Insert into GROOMING.STUDYCAFE (CAFE_NO,CAFE_NAME,CAFE_CONTENT,CAFE_PHONE,CAFE_ADDRESS) values ('ST00004','강남일등스터디룸 강의실 회의실대관','★ 최대 30명, 사용 가능한 가성비 최고 공간
※ "강남일등파티"의 다목적 공간 : 회의/워크샵/스터디/세미나 후, 노래/댄스/뒤풀이까지 가능합니다.
※ 본 요금제는 강의/회의/스터디/워크샵등을 위한 전용 요금제로써, 음주/취사/배','0504-0905-8533','서울특별시 강남구 테헤란로16길 13 동원빌딩 102호, 103호(렉시호텔 옆)');
Insert into GROOMING.STUDYCAFE (CAFE_NO,CAFE_NAME,CAFE_CONTENT,CAFE_PHONE,CAFE_ADDRESS) values ('ST00005','모락(MORAK) 신림점','2호선 신림역 5번 출구, 도보 6분!스터디, 소모임, 개인과외, 인터뷰, 모의면접, 영상촬영, 원데이 클래스, 송년회 등 단독 모임을 위한 복합 공간!
모임이 즐거워지는 공간, 모락(MORAK) 신림점 입니다.','0504-1380-5969','서울 관악구 관천로11길 1 대성빌딩 301호 (신림동 1464-1)');
Insert into GROOMING.STUDYCAFE (CAFE_NO,CAFE_NAME,CAFE_CONTENT,CAFE_PHONE,CAFE_ADDRESS) values ('ST00006','토즈 천안쌍용센터 그룹스터디룸','각종 스터디, 컨설팅, 세미나, 면접, 회의 등 모임공간이 필요 하시다면,

향기로운 원두커피와 10여가지 차를 무료로 드시면서,

토즈스터디센터 천안쌍용센터에서 조용하고 안락한 스터디룸을 이용해 보세요~ ^^각종 스터디, 컨설팅, 세미나, 면접, 회의 등 모임공간이 필요 하시다면,

향기로운 원두커피와 10여가지 차를 무료로 드시면서,

토즈스터디센터 천안쌍용센터에서 조용하고 안락한 스터디룸을 이용해 보세요~ ^^','0504-0905-3808','충청남도 천안시 서북구 쌍용1길 27 동서빌딩 3층(토즈스터디센터 천안쌍용점)');
Insert into GROOMING.STUDYCAFE (CAFE_NO,CAFE_NAME,CAFE_CONTENT,CAFE_PHONE,CAFE_ADDRESS) values ('ST00007','토즈스터디센터-효성점','북카페와 같이 음악과 차가 제공되는 공간에서 일하고 공부할 수 있는 장소를 제공합니다.
1인 3시간 기본 사용요금 6.000원이고 이후 30분당 1.000원의 추가요금이 있습니다.
차와 간단한 다과가 제공되며, 노트북과 OA 이용이 가능합니다.(유료_별도문의)','0504-0905-2626','인천광역시 계양구 안남로 545 르보네르빌딩 4층');
Insert into GROOMING.STUDYCAFE (CAFE_NO,CAFE_NAME,CAFE_CONTENT,CAFE_PHONE,CAFE_ADDRESS) values ('ST00008','부평 클라우드나인','카페홀은 일반카페처럼 자유롭게 오셔서 이용하시면 됩니다
별도의 독립된 스터디룸은 예약후 이용가능합니다
완전 밀폐된 독립된 룸으로 4인실 6인실이 있습니다.
동호회모임, 스터디, 면접준비를 위한 모임에 좋은 공간입니다.','0504-0905-4681','인천광역시 부평구 부평동 534-48 스테이션타워 1층 101호(대로변 위치)');
Insert into GROOMING.STUDYCAFE (CAFE_NO,CAFE_NAME,CAFE_CONTENT,CAFE_PHONE,CAFE_ADDRESS) values ('ST00009','다모임 프리미엄카페','안녕하세요^^ 저희 카페는 스터디룸, 세미나실, 회의실, 연습실, 작업실, 공연장등의 시설이 갖추어진 카페로 1인 개인룸~ 70인 단체룸까지 다양하게 이용 하실 수 있으며
공간 이용 회원은 카페 메뉴를 무료 및 저렴한 가격으로 이용하실 수 있습니다^^','0504-0905-6828','충청남도 아산시 번영로43번길 20 실옥동 181-98');
Insert into GROOMING.STUDYCAFE (CAFE_NO,CAFE_NAME,CAFE_CONTENT,CAFE_PHONE,CAFE_ADDRESS) values ('ST00010','청주율량 토즈스터디센터','4인실 2인실 모임공간을 제공해 드립니다. LCD 화면과 HDMI 케이블 구비되어있습니다.
업무,스터디 모임을 조용한 공간에서 원하시면 방문해주세요!
깨끗한 공간과 음료를 무료로 즐기세요~','0504-0905-9189','충청북도 청주시 청원구 충청대로 170 4층');
Insert into GROOMING.STUDYCAFE (CAFE_NO,CAFE_NAME,CAFE_CONTENT,CAFE_PHONE,CAFE_ADDRESS) values ('ST00011','오피스9 룸카페,세미나실,모임공간','아직도 시끄러운 카페에서 공부하세요?
따분한 사무실이 아니라 분위기 있는 카페를 사무실로 사용하고 싶으세요?
오피스9은 9개의 방으로 구성되어 있는 스터디룸카페 & 소호사무실 & 세미나실과 모임공간을 대여하고 있습니다.
하루한잔 무료 원두커피와 함께 공부든 개인작업이든 독서든 이제부터 스터디룸카페 "OFFICE9" 에서..
오랫동안 머물러도 눈치보지 않고 공부하고 작업하는 공간~
아늑한 분위기와 개방감으로 열린 공부를 하실 수 있습니다.
보다 집중을 워날 땐느 오피스룸으로...
1~6인실까지 예약제 선택가능,,
수험생부터 대학생, 직장인, 프리랜서 등
소호사무실 임대하시면 사업자등록증 발급 가능합니다.
비상주 법인설립 지원!
토론할 때는 회의실로.... 강의할 때는 세미나실로...
편안한 분위기의 백색소음과 함께 집중이 필요할 때마다...
율량동 홈플러스/멀티플렉스극장/그랜드플라자(구 라마다)호텔 정면에 2층에 있습니다.','0504-0905-1970','충청북도 청주시 청원구 충청대로 113 2층');
Insert into GROOMING.STUDYCAFE (CAFE_NO,CAFE_NAME,CAFE_CONTENT,CAFE_PHONE,CAFE_ADDRESS) values ('ST00012','스터디카페 구겐하임 경산중방점','안녕하세요!!
경산 중방동 홈플러스 뒤편 CGV현장 옆에 위치하고 있는 스터디카페 구겐하임 경산중방점 입니다.

스터디카페 구겐하임은 24시간 무인으로 운영되는 스터디카페로 별도의 스터디룸도 마련되어 있는 프리미엄 스터디카페 입니다.
24시간 누구나 이용가능하며 스터디룸은 예약제로 운영되지만 예약시간 이외에는 현장발권 이용도 가능하답니다.

스터디룸에는 대형모니터 및 화이트보드가 설치되어 있으며, 개별 인공지능 냉,난방 및 환기시스템으로 쾌적하게 이용 하실 수 있습니다.
HDMI케이블도 비치되어 있으나 노트북은 가지고 오셔야 합니다.
별도로 마련된 휴게공간에서 원두커피.얼음.국산차.간단간식 등을 무료로 이용 하실 수 있습니다.

그룹스터디나 조졀과제.과외.면접스터디.독서모임.교사시연.회의등을 할 수 있는 최적의 공간입니다.','0504-1381-1411','경북 경산시 중방동 888 4층 스터디카페 구겐하임 경산중방점');
Insert into GROOMING.STUDYCAFE (CAFE_NO,CAFE_NAME,CAFE_CONTENT,CAFE_PHONE,CAFE_ADDRESS) values ('ST00013','슈퍼스타트 이대점','1.전 구간 GIGA WIFI 제공
2.5인이하룸은 기본 PC제공 / 8인이상룸 노트북제공
3.무인복합기, 무인사물함 구비 (카드만사용가능)
4.무인 간식 자판기 구비 (현금만사용가능)
5.믹스커피 및 다양한 차 종류 제공
6.연중무휴 24시간으로 운영 합니다.
7.예약당일 입구 예약현황판 보드에 성함과 배정된 방 번호가 나와있습니다.
8.결제태블릿에서 자신의 예약 선택 , 선불결제 후 입실 가능 합니다.
9.자동문에 붙어 있는 출입태블릿에서 예약자 성함클릭 후, 핸드폰번호 뒷4자리를 누르시고 입실 눌러주시면 문이 열립니다.
10.2019년 4월 부터 24시무인화로 인해 평일/주말 오후 23시 ~ 09시 이용요금을 1500원에서 1000원 으로 인하합니다.','0504-0905-1830','서울특별시 서대문구 이화여대8길 3 연화프라자 B1');
Insert into GROOMING.STUDYCAFE (CAFE_NO,CAFE_NAME,CAFE_CONTENT,CAFE_PHONE,CAFE_ADDRESS) values ('ST00014','슈퍼스타트 홍대점','1. 스터디룸은 4인실 6인실 8인실 10인실 15인실로 되어 있습니다.
소규모 스터디 및 과외 면접준비가 가능한 4~8인실부터
모임 발표 토론 및 강의가 가능한 10~15인실로 구성되어 있습니다.

2. 여러 선생님들과 제휴를 맺어 원하시는 강의를 신청하실 수 있습니다.
승무원 스터디(국내 외황 승무원 영어 보이스 피칭) 금융권 스터디 영어 회화(캠블리) 스터디가
진행 중에 있습니다.

3. 홍대에서 거의 유일하게 주차가 가능한 스터디룸 입니다.

4. 기본 PC Wi-Fi 가 제공되며 10인실 15인실 룸에는 빔 프로젝터가 구비되어 있습니다.
소규모 방의 경우 이동형 빔프로젝터를 무료로 대여해 드립니다.(사전 문의 필요)

5. 고급 머신에서 추출하는 드립 커피를 무료로 드리고 있습니다. 원하시는 만큼 드실 수 있습니다.
(※드립 커피 등 추가 음료는 판매합니다. )','0504-0905-3184','서울특별시 마포구 서교동 364-31 4층 슈퍼스타트');
Insert into GROOMING.STUDYCAFE (CAFE_NO,CAFE_NAME,CAFE_CONTENT,CAFE_PHONE,CAFE_ADDRESS) values ('ST00015','[강남]꿈틀 스터디룸 카페','안녕하세요?
꿈이 있는 사람이라면 누구나 이용하실 수 있는 공간 꿈틀입니다.

■ 회의실, 스터디룸, 승무원스터디, 면접준비,강연, 원데이 클래스
우리끼리 프라이빗 파티까지 최소2인-50인공간이 마련되어 있습니다.

*이용방법
카카오톡 채널 @강남꿈틀로 예약가능 여부 꼭 채팅남겨주세요.

스페이스클라우드에는 예약가능한 날짜여도 실시간으로 카톡으로 예약 받고있어서 선예약이 있을 수도 있습니다.

[ 꿈틀만의 장점 ]
1. 강남역12번출구에서 3분거리 위치
2. 합리적인 가격 - 평일 6시 이전 시간당 1,000원 //평일 6시이후&주말 1,700원
3. 전신거울 룸 (6,7,11번룸)
4. 룸 이용 전 후로 편히 쉬다 가실 수 있는 넓은 홀 !
5. 5기가 초강력 빵빵한 Wifi
6. 컬러 프린트 100원, 스캔 Free.

- 홀에서 자유롭게 공부 원하시는 경우 음료 주문으로 이용 가능하십니다.
- N페이로 간편 예약 하세요 :)','0504-0905-8032','서울특별시 강남구 역삼동 649-2 지하1층 꿈틀');
Insert into GROOMING.STUDYCAFE (CAFE_NO,CAFE_NAME,CAFE_CONTENT,CAFE_PHONE,CAFE_ADDRESS) values ('ST00016','꿈틀 스터디룸 신촌점 (모임최적)','☆ 예약 전 주의사항을 .꼭. 확인해 주세요. 다양한 예약 경로로 중복예약이 될 수 있습니다 :D ☆

신촌역에서 가까운 위치에 있는 ?모임공간 꿈틀입니다.
적정인원보다 넓은방을 원하시는분들에게 강추!

라운지 홀 - 모임 이용 전후 편히 공부하고 쉬다가실 수 있는 쉼터
( 룸 이용 안하고 카페만 이용시 음료주문 or 입장료 3000원)

■ 다양한 세미나, 회의, 스터디, 승무원스터디, 면접준비,강연, 원데이 클래스
우리끼리 프라이빗 파티까지 2인-20인공간이 마련되어 있습니다.
■ 선생님 또는 모임개설자 분께는 제휴와 함께 홍보도 지원해드리고 있습니다!

[ 꿈틀만의 장점 ]
1. 신촌역 유플렉스 5분거리 위치
2. 전신거울 룸OK
3. 개별 룸마다 냉난방
4. 내부 깔끔한 남녀화장실+ 온수OK
5. 룸 이용 전 후로 편히 쉬다 가실 수 있는 넓은 홀 !
6. 5기가 초강력 빵빵한 Wifi
7. 컬러프린트/스캔/코팅 OK

- N페이로 간편 예약 하세요 :)','0504-0905-0209','서울특별시 서대문구 창천동 33-25 4층 신촌꿈틀');
Insert into GROOMING.STUDYCAFE (CAFE_NO,CAFE_NAME,CAFE_CONTENT,CAFE_PHONE,CAFE_ADDRESS) values ('ST00017','[영등포역] 프로미스타 열정오피스','안녕하세요!
저는 이대역에서 에어비앤비 슈퍼호스트이자 문화 컨텐츠 및 드론 관련 창업을 시작한 스물다섯 청년입니다!
임대한 사무실이 생각보다 너무 커서 같이 가치있는 분들께 공유하고자 올려보았습니다~!
단기로 사무실 공용으로 사용하실 수 있고 정말 저렴하게 장기로도 사용 가능합니다~!
또한 단기간 통으로 사무실 대여도 가능합니다~! 회의실로 사용도 가능합니다~!
언제든지 자유롭게 문의해주세요:) ','0504-1380-4326','서울 영등포구 영등포동6가 1-17 4층, 프로미스타');

--------------------------------------------------------
Insert into GROOMING.CAFEPRICE (C_PRICE_NO,CAFE_NO,C_ROOM_NAME,C_ROOM_AVAILABLE_TIME,C_ROOM_TIME,C_ROOM_PRICE,C_ROOM_HEAD_COUNT) values ('CP00001','ST00003','4인룸_A',10,1,1500,4);
Insert into GROOMING.CAFEPRICE (C_PRICE_NO,CAFE_NO,C_ROOM_NAME,C_ROOM_AVAILABLE_TIME,C_ROOM_TIME,C_ROOM_PRICE,C_ROOM_HEAD_COUNT) values ('CP00002','ST00003','4인룸_B',10,1,1500,4);
Insert into GROOMING.CAFEPRICE (C_PRICE_NO,CAFE_NO,C_ROOM_NAME,C_ROOM_AVAILABLE_TIME,C_ROOM_TIME,C_ROOM_PRICE,C_ROOM_HEAD_COUNT) values ('CP00003','ST00003','6인룸_A',10,1,1500,6);
Insert into GROOMING.CAFEPRICE (C_PRICE_NO,CAFE_NO,C_ROOM_NAME,C_ROOM_AVAILABLE_TIME,C_ROOM_TIME,C_ROOM_PRICE,C_ROOM_HEAD_COUNT) values ('CP00004','ST00003','8인룸_A',10,1,1500,8);
Insert into GROOMING.CAFEPRICE (C_PRICE_NO,CAFE_NO,C_ROOM_NAME,C_ROOM_AVAILABLE_TIME,C_ROOM_TIME,C_ROOM_PRICE,C_ROOM_HEAD_COUNT) values ('CP00005','ST00003','10인룸_A',10,1,1500,10);
Insert into GROOMING.CAFEPRICE (C_PRICE_NO,CAFE_NO,C_ROOM_NAME,C_ROOM_AVAILABLE_TIME,C_ROOM_TIME,C_ROOM_PRICE,C_ROOM_HEAD_COUNT) values ('CP00006','ST00004','강의와 뒷풀이 공간',10,1,25200,30);
Insert into GROOMING.CAFEPRICE (C_PRICE_NO,CAFE_NO,C_ROOM_NAME,C_ROOM_AVAILABLE_TIME,C_ROOM_TIME,C_ROOM_PRICE,C_ROOM_HEAD_COUNT) values ('CP00007','ST00004','강의와 뒷풀이 공간(8인)',10,1,16800,8);
Insert into GROOMING.CAFEPRICE (C_PRICE_NO,CAFE_NO,C_ROOM_NAME,C_ROOM_AVAILABLE_TIME,C_ROOM_TIME,C_ROOM_PRICE,C_ROOM_HEAD_COUNT) values ('CP00008','ST00004','프라이빗 멀티공간',10,1,23100,30);
Insert into GROOMING.CAFEPRICE (C_PRICE_NO,CAFE_NO,C_ROOM_NAME,C_ROOM_AVAILABLE_TIME,C_ROOM_TIME,C_ROOM_PRICE,C_ROOM_HEAD_COUNT) values ('CP00009','ST00004','프라이빗멀티공간(6인)',10,1,15500,6);
Insert into GROOMING.CAFEPRICE (C_PRICE_NO,CAFE_NO,C_ROOM_NAME,C_ROOM_AVAILABLE_TIME,C_ROOM_TIME,C_ROOM_PRICE,C_ROOM_HEAD_COUNT) values ('CP00010','ST00005','모락신림점',10,2,3000,10);
Insert into GROOMING.CAFEPRICE (C_PRICE_NO,CAFE_NO,C_ROOM_NAME,C_ROOM_AVAILABLE_TIME,C_ROOM_TIME,C_ROOM_PRICE,C_ROOM_HEAD_COUNT) values ('CP00011','ST00006','그룹스터디룸 G1',10,1,2500,5);
Insert into GROOMING.CAFEPRICE (C_PRICE_NO,CAFE_NO,C_ROOM_NAME,C_ROOM_AVAILABLE_TIME,C_ROOM_TIME,C_ROOM_PRICE,C_ROOM_HEAD_COUNT) values ('CP00012','ST00007','그룹룸',10,1,2500,10);
Insert into GROOMING.CAFEPRICE (C_PRICE_NO,CAFE_NO,C_ROOM_NAME,C_ROOM_AVAILABLE_TIME,C_ROOM_TIME,C_ROOM_PRICE,C_ROOM_HEAD_COUNT) values ('CP00013','ST00007','소셜스페이스',10,1,2000,10);
Insert into GROOMING.CAFEPRICE (C_PRICE_NO,CAFE_NO,C_ROOM_NAME,C_ROOM_AVAILABLE_TIME,C_ROOM_TIME,C_ROOM_PRICE,C_ROOM_HEAD_COUNT) values ('CP00014','ST00008','3층 다락방',10,1,1000,5);
Insert into GROOMING.CAFEPRICE (C_PRICE_NO,CAFE_NO,C_ROOM_NAME,C_ROOM_AVAILABLE_TIME,C_ROOM_TIME,C_ROOM_PRICE,C_ROOM_HEAD_COUNT) values ('CP00015','ST00008','4인실 룸',10,1,1000,4);
Insert into GROOMING.CAFEPRICE (C_PRICE_NO,CAFE_NO,C_ROOM_NAME,C_ROOM_AVAILABLE_TIME,C_ROOM_TIME,C_ROOM_PRICE,C_ROOM_HEAD_COUNT) values ('CP00016','ST00008','6인실 룸',10,1,1000,6);
Insert into GROOMING.CAFEPRICE (C_PRICE_NO,CAFE_NO,C_ROOM_NAME,C_ROOM_AVAILABLE_TIME,C_ROOM_TIME,C_ROOM_PRICE,C_ROOM_HEAD_COUNT) values ('CP00017','ST00008','세미나실 대관',10,1,1000,20);
Insert into GROOMING.CAFEPRICE (C_PRICE_NO,CAFE_NO,C_ROOM_NAME,C_ROOM_AVAILABLE_TIME,C_ROOM_TIME,C_ROOM_PRICE,C_ROOM_HEAD_COUNT) values ('CP00018','ST00009','스터디룸 회의실',10,1,2000,10);
Insert into GROOMING.CAFEPRICE (C_PRICE_NO,CAFE_NO,C_ROOM_NAME,C_ROOM_AVAILABLE_TIME,C_ROOM_TIME,C_ROOM_PRICE,C_ROOM_HEAD_COUNT) values ('CP00019','ST00009','악기 연습실',10,1,4000,10);
Insert into GROOMING.CAFEPRICE (C_PRICE_NO,CAFE_NO,C_ROOM_NAME,C_ROOM_AVAILABLE_TIME,C_ROOM_TIME,C_ROOM_PRICE,C_ROOM_HEAD_COUNT) values ('CP00020','ST00009','회의실, 공연장',10,1,2000,25);
Insert into GROOMING.CAFEPRICE (C_PRICE_NO,CAFE_NO,C_ROOM_NAME,C_ROOM_AVAILABLE_TIME,C_ROOM_TIME,C_ROOM_PRICE,C_ROOM_HEAD_COUNT) values ('CP00021','ST00010','4인 스터디룸 및 업무공간',10,1,2500,4);
Insert into GROOMING.CAFEPRICE (C_PRICE_NO,CAFE_NO,C_ROOM_NAME,C_ROOM_AVAILABLE_TIME,C_ROOM_TIME,C_ROOM_PRICE,C_ROOM_HEAD_COUNT) values ('CP00022','ST00011','[1~9인실]세미나실/강의실',10,1,11000,9);
Insert into GROOMING.CAFEPRICE (C_PRICE_NO,CAFE_NO,C_ROOM_NAME,C_ROOM_AVAILABLE_TIME,C_ROOM_TIME,C_ROOM_PRICE,C_ROOM_HEAD_COUNT) values ('CP00023','ST00011','[10~20인]세미나실/강의실',10,1,19800,20);
Insert into GROOMING.CAFEPRICE (C_PRICE_NO,CAFE_NO,C_ROOM_NAME,C_ROOM_AVAILABLE_TIME,C_ROOM_TIME,C_ROOM_PRICE,C_ROOM_HEAD_COUNT) values ('CP00024','ST00011','모임공간 7인실',10,1,8800,7);
Insert into GROOMING.CAFEPRICE (C_PRICE_NO,CAFE_NO,C_ROOM_NAME,C_ROOM_AVAILABLE_TIME,C_ROOM_TIME,C_ROOM_PRICE,C_ROOM_HEAD_COUNT) values ('CP00025','ST00012','스터디룸A 4인실',10,1,4000,4);
Insert into GROOMING.CAFEPRICE (C_PRICE_NO,CAFE_NO,C_ROOM_NAME,C_ROOM_AVAILABLE_TIME,C_ROOM_TIME,C_ROOM_PRICE,C_ROOM_HEAD_COUNT) values ('CP00026','ST00012','스터디룸B 4인실',10,1,4000,4);
Insert into GROOMING.CAFEPRICE (C_PRICE_NO,CAFE_NO,C_ROOM_NAME,C_ROOM_AVAILABLE_TIME,C_ROOM_TIME,C_ROOM_PRICE,C_ROOM_HEAD_COUNT) values ('CP00027','ST00013','16인 강의룸',10,1,1500,24);
Insert into GROOMING.CAFEPRICE (C_PRICE_NO,CAFE_NO,C_ROOM_NAME,C_ROOM_AVAILABLE_TIME,C_ROOM_TIME,C_ROOM_PRICE,C_ROOM_HEAD_COUNT) values ('CP00028','ST00013','4인룸_A',10,1,1500,4);
Insert into GROOMING.CAFEPRICE (C_PRICE_NO,CAFE_NO,C_ROOM_NAME,C_ROOM_AVAILABLE_TIME,C_ROOM_TIME,C_ROOM_PRICE,C_ROOM_HEAD_COUNT) values ('CP00029','ST00013','4인룸_B',10,1,1500,4);
Insert into GROOMING.CAFEPRICE (C_PRICE_NO,CAFE_NO,C_ROOM_NAME,C_ROOM_AVAILABLE_TIME,C_ROOM_TIME,C_ROOM_PRICE,C_ROOM_HEAD_COUNT) values ('CP00030','ST00013','5인룸',10,1,1500,5);
Insert into GROOMING.CAFEPRICE (C_PRICE_NO,CAFE_NO,C_ROOM_NAME,C_ROOM_AVAILABLE_TIME,C_ROOM_TIME,C_ROOM_PRICE,C_ROOM_HEAD_COUNT) values ('CP00031','ST00013','8인룸_A',10,1,1500,8);
Insert into GROOMING.CAFEPRICE (C_PRICE_NO,CAFE_NO,C_ROOM_NAME,C_ROOM_AVAILABLE_TIME,C_ROOM_TIME,C_ROOM_PRICE,C_ROOM_HEAD_COUNT) values ('CP00032','ST00013','8인룸_B',10,1,1500,8);
Insert into GROOMING.CAFEPRICE (C_PRICE_NO,CAFE_NO,C_ROOM_NAME,C_ROOM_AVAILABLE_TIME,C_ROOM_TIME,C_ROOM_PRICE,C_ROOM_HEAD_COUNT) values ('CP00033','ST00014','스터디룸 A [4인실]',10,1,1500,4);
Insert into GROOMING.CAFEPRICE (C_PRICE_NO,CAFE_NO,C_ROOM_NAME,C_ROOM_AVAILABLE_TIME,C_ROOM_TIME,C_ROOM_PRICE,C_ROOM_HEAD_COUNT) values ('CP00034','ST00014','스터디룸 B [4인실]',10,1,1500,4);
Insert into GROOMING.CAFEPRICE (C_PRICE_NO,CAFE_NO,C_ROOM_NAME,C_ROOM_AVAILABLE_TIME,C_ROOM_TIME,C_ROOM_PRICE,C_ROOM_HEAD_COUNT) values ('CP00035','ST00014','스터디룸 C [6인실]',10,1,1500,6);
Insert into GROOMING.CAFEPRICE (C_PRICE_NO,CAFE_NO,C_ROOM_NAME,C_ROOM_AVAILABLE_TIME,C_ROOM_TIME,C_ROOM_PRICE,C_ROOM_HEAD_COUNT) values ('CP00036','ST00014','스터디룸 D [8인실]',10,1,1500,8);
Insert into GROOMING.CAFEPRICE (C_PRICE_NO,CAFE_NO,C_ROOM_NAME,C_ROOM_AVAILABLE_TIME,C_ROOM_TIME,C_ROOM_PRICE,C_ROOM_HEAD_COUNT) values ('CP00037','ST00014','스터디룸 E [10인실]',10,1,1500,10);
Insert into GROOMING.CAFEPRICE (C_PRICE_NO,CAFE_NO,C_ROOM_NAME,C_ROOM_AVAILABLE_TIME,C_ROOM_TIME,C_ROOM_PRICE,C_ROOM_HEAD_COUNT) values ('CP00038','ST00014','스터디룸 F [15인실]',10,1,1500,15);
Insert into GROOMING.CAFEPRICE (C_PRICE_NO,CAFE_NO,C_ROOM_NAME,C_ROOM_AVAILABLE_TIME,C_ROOM_TIME,C_ROOM_PRICE,C_ROOM_HEAD_COUNT) values ('CP00039','ST00015','대형룸13번(10~25명)',10,1,1000,25);
Insert into GROOMING.CAFEPRICE (C_PRICE_NO,CAFE_NO,C_ROOM_NAME,C_ROOM_AVAILABLE_TIME,C_ROOM_TIME,C_ROOM_PRICE,C_ROOM_HEAD_COUNT) values ('CP00040','ST00015','중형룸 5번(8~15명)',10,1,1000,15);
Insert into GROOMING.CAFEPRICE (C_PRICE_NO,CAFE_NO,C_ROOM_NAME,C_ROOM_AVAILABLE_TIME,C_ROOM_TIME,C_ROOM_PRICE,C_ROOM_HEAD_COUNT) values ('CP00041','ST00015','면접용 거울룸(5~8명)',10,1,1000,8);
Insert into GROOMING.CAFEPRICE (C_PRICE_NO,CAFE_NO,C_ROOM_NAME,C_ROOM_AVAILABLE_TIME,C_ROOM_TIME,C_ROOM_PRICE,C_ROOM_HEAD_COUNT) values ('CP00042','ST00015','소형모임실(3~6명)',10,1,1000,6);
Insert into GROOMING.CAFEPRICE (C_PRICE_NO,CAFE_NO,C_ROOM_NAME,C_ROOM_AVAILABLE_TIME,C_ROOM_TIME,C_ROOM_PRICE,C_ROOM_HEAD_COUNT) values ('CP00043','ST00015','홀 전체 대관',10,1,35000,50);
Insert into GROOMING.CAFEPRICE (C_PRICE_NO,CAFE_NO,C_ROOM_NAME,C_ROOM_AVAILABLE_TIME,C_ROOM_TIME,C_ROOM_PRICE,C_ROOM_HEAD_COUNT) values ('CP00044','ST00016','Room 1~2(3~4인)',10,1,1500,4);
Insert into GROOMING.CAFEPRICE (C_PRICE_NO,CAFE_NO,C_ROOM_NAME,C_ROOM_AVAILABLE_TIME,C_ROOM_TIME,C_ROOM_PRICE,C_ROOM_HEAD_COUNT) values ('CP00045','ST00016','Room 3 (6~8인)',10,1,1500,8);
Insert into GROOMING.CAFEPRICE (C_PRICE_NO,CAFE_NO,C_ROOM_NAME,C_ROOM_AVAILABLE_TIME,C_ROOM_TIME,C_ROOM_PRICE,C_ROOM_HEAD_COUNT) values ('CP00046','ST00016','Room 4~5(4~6인)',10,1,1500,6);
Insert into GROOMING.CAFEPRICE (C_PRICE_NO,CAFE_NO,C_ROOM_NAME,C_ROOM_AVAILABLE_TIME,C_ROOM_TIME,C_ROOM_PRICE,C_ROOM_HEAD_COUNT) values ('CP00047','ST00016','Room 6 (10~16인)',10,1,1500,16);
Insert into GROOMING.CAFEPRICE (C_PRICE_NO,CAFE_NO,C_ROOM_NAME,C_ROOM_AVAILABLE_TIME,C_ROOM_TIME,C_ROOM_PRICE,C_ROOM_HEAD_COUNT) values ('CP00048','ST00016','Room 7~8(2~3인)',10,1,1500,3);
Insert into GROOMING.CAFEPRICE (C_PRICE_NO,CAFE_NO,C_ROOM_NAME,C_ROOM_AVAILABLE_TIME,C_ROOM_TIME,C_ROOM_PRICE,C_ROOM_HEAD_COUNT) values ('CP00049','ST00016','카페 홀 전체 대관',10,1,200000,20);
Insert into GROOMING.CAFEPRICE (C_PRICE_NO,CAFE_NO,C_ROOM_NAME,C_ROOM_AVAILABLE_TIME,C_ROOM_TIME,C_ROOM_PRICE,C_ROOM_HEAD_COUNT) values ('CP00050','ST00017','내부 사무실',10,1,1000,6);
Insert into GROOMING.CAFEPRICE (C_PRICE_NO,CAFE_NO,C_ROOM_NAME,C_ROOM_AVAILABLE_TIME,C_ROOM_TIME,C_ROOM_PRICE,C_ROOM_HEAD_COUNT) values ('CP00051','ST00017','외부 사무실',10,1,1000,6);

--------------------------------------------------------
Insert into GROOMING.GROOMING_APPLICANT (GROOMING_APPLY_NO,GROOMING_NO,MEMBER_NO,GROOMING_APPLY_CONTENT,GROOMING_APPLY_STATUS) values ('GA00001','G00001','M00006','TESTESTESTESETESTE','Y');
Insert into GROOMING.GROOMING_APPLICANT (GROOMING_APPLY_NO,GROOMING_NO,MEMBER_NO,GROOMING_APPLY_CONTENT,GROOMING_APPLY_STATUS) values ('GA00002','G00001','M00014','TESTESTESTESETESTE','Y');
Insert into GROOMING.GROOMING_APPLICANT (GROOMING_APPLY_NO,GROOMING_NO,MEMBER_NO,GROOMING_APPLY_CONTENT,GROOMING_APPLY_STATUS) values ('GA00003','G00001','M00019','TESTESTESTESETESTE','Y');
Insert into GROOMING.GROOMING_APPLICANT (GROOMING_APPLY_NO,GROOMING_NO,MEMBER_NO,GROOMING_APPLY_CONTENT,GROOMING_APPLY_STATUS) values ('GA00004','G00001','M00004','TESTESTESTESETESTE','Y');
Insert into GROOMING.GROOMING_APPLICANT (GROOMING_APPLY_NO,GROOMING_NO,MEMBER_NO,GROOMING_APPLY_CONTENT,GROOMING_APPLY_STATUS) values ('GA00005','G00001','M00023','TESTESTESTESETESTE','Y');
Insert into GROOMING.GROOMING_APPLICANT (GROOMING_APPLY_NO,GROOMING_NO,MEMBER_NO,GROOMING_APPLY_CONTENT,GROOMING_APPLY_STATUS) values ('GA00006','G00003','M00006','TESTESTESTESETESTE','Y');
Insert into GROOMING.GROOMING_APPLICANT (GROOMING_APPLY_NO,GROOMING_NO,MEMBER_NO,GROOMING_APPLY_CONTENT,GROOMING_APPLY_STATUS) values ('GA00007','G00003','M00019','TESTESTESTESETESTE','Y');
Insert into GROOMING.GROOMING_APPLICANT (GROOMING_APPLY_NO,GROOMING_NO,MEMBER_NO,GROOMING_APPLY_CONTENT,GROOMING_APPLY_STATUS) values ('GA00008','G00003','M00004','TESTESTESTESETESTE','Y');
Insert into GROOMING.GROOMING_APPLICANT (GROOMING_APPLY_NO,GROOMING_NO,MEMBER_NO,GROOMING_APPLY_CONTENT,GROOMING_APPLY_STATUS) values ('GA00009','G00004','M00023','TESTESTESTESETESTE','Y');
Insert into GROOMING.GROOMING_APPLICANT (GROOMING_APPLY_NO,GROOMING_NO,MEMBER_NO,GROOMING_APPLY_CONTENT,GROOMING_APPLY_STATUS) values ('GA00010','G00005','M00014','TESTESTESTESETESTE','Y');
Insert into GROOMING.GROOMING_APPLICANT (GROOMING_APPLY_NO,GROOMING_NO,MEMBER_NO,GROOMING_APPLY_CONTENT,GROOMING_APPLY_STATUS) values ('GA00011','G00005','M00019','TESTESTESTESETESTE','Y');
Insert into GROOMING.GROOMING_APPLICANT (GROOMING_APPLY_NO,GROOMING_NO,MEMBER_NO,GROOMING_APPLY_CONTENT,GROOMING_APPLY_STATUS) values ('GA00012','G00005','M00020','TESTESTESTESETESTE','Y');
Insert into GROOMING.GROOMING_APPLICANT (GROOMING_APPLY_NO,GROOMING_NO,MEMBER_NO,GROOMING_APPLY_CONTENT,GROOMING_APPLY_STATUS) values ('GA00013','G00005','M00010','TESTESTESTESETESTE','Y');
Insert into GROOMING.GROOMING_APPLICANT (GROOMING_APPLY_NO,GROOMING_NO,MEMBER_NO,GROOMING_APPLY_CONTENT,GROOMING_APPLY_STATUS) values ('GA00014','G00005','M00004','TESTESTESTESETESTE','Y');
Insert into GROOMING.GROOMING_APPLICANT (GROOMING_APPLY_NO,GROOMING_NO,MEMBER_NO,GROOMING_APPLY_CONTENT,GROOMING_APPLY_STATUS) values ('GA00015','G00005','M00023','TESTESTESTESETESTE','Y');

--------------------------------------------------------
Insert into GROOMING.CAFERESERVATION (C_RESER_NO,MEMBER_NO,C_PRICE_NO,C_RESER_HEAD_COUNT,C_RESER_DATE) values ('CR00001','M00001','CP00001',4,to_date('20/08/03','RR/MM/DD'));
Insert into GROOMING.CAFERESERVATION (C_RESER_NO,MEMBER_NO,C_PRICE_NO,C_RESER_HEAD_COUNT,C_RESER_DATE) values ('CR00002','M00002','CP00002',4,to_date('20/08/03','RR/MM/DD'));
Insert into GROOMING.CAFERESERVATION (C_RESER_NO,MEMBER_NO,C_PRICE_NO,C_RESER_HEAD_COUNT,C_RESER_DATE) values ('CR00003','M00003','CP00003',6,to_date('20/08/03','RR/MM/DD'));
Insert into GROOMING.CAFERESERVATION (C_RESER_NO,MEMBER_NO,C_PRICE_NO,C_RESER_HEAD_COUNT,C_RESER_DATE) values ('CR00004','M00004','CP00004',7,to_date('20/08/03','RR/MM/DD'));

--------------------------------------------------------
Insert into GROOMING.DECLARATION (DECLARATION_NO,MEMBER_NO,DECLARATION_C_NO,DECLARATION_N_NO,DECLARATION_CONTENT,DECLARATION_CHECK) values ('DEC00001','M00002','1','M00001','운영이운영','N');

--------------------------------------------------------
Insert into GROOMING.SANCTIONS (SANCTIONS_NO,MEMBER_NO,SANCTIONS_S_DATE,SANCTIONS_F_DATE,SANCTIONS_CONTENT) values ('SAN00001','M00001',to_date('20/07/22','RR/MM/DD'),to_date('20/07/23','RR/MM/DD'),'운영이운영');

--------------------------------------------------------
Insert into GROOMING.GROMMING_MEMBER (G_MEMBER_NO,MEMBER_NO,GROOMING_NO) values ('GM00001','M00022','G00001');
Insert into GROOMING.GROMMING_MEMBER (G_MEMBER_NO,MEMBER_NO,GROOMING_NO) values ('GM00002','M00016','G00003');
Insert into GROOMING.GROMMING_MEMBER (G_MEMBER_NO,MEMBER_NO,GROOMING_NO) values ('GM00003','M00019','G00004');
Insert into GROOMING.GROMMING_MEMBER (G_MEMBER_NO,MEMBER_NO,GROOMING_NO) values ('GM00004','M00025','G00005');
Insert into GROOMING.GROMMING_MEMBER (G_MEMBER_NO,MEMBER_NO,GROOMING_NO) values ('GM00005','M00008','G00001');
Insert into GROOMING.GROMMING_MEMBER (G_MEMBER_NO,MEMBER_NO,GROOMING_NO) values ('GM00006','M00012','G00002');
Insert into GROOMING.GROMMING_MEMBER (G_MEMBER_NO,MEMBER_NO,GROOMING_NO) values ('GM00007','M00015','G00003');
Insert into GROOMING.GROMMING_MEMBER (G_MEMBER_NO,MEMBER_NO,GROOMING_NO) values ('GM00008','M00003','G00004');
Insert into GROOMING.GROMMING_MEMBER (G_MEMBER_NO,MEMBER_NO,GROOMING_NO) values ('GM00009','M00005','G00005');
Insert into GROOMING.GROMMING_MEMBER (G_MEMBER_NO,MEMBER_NO,GROOMING_NO) values ('GM00010','M00004','G00009');
Insert into GROOMING.GROMMING_MEMBER (G_MEMBER_NO,MEMBER_NO,GROOMING_NO) values ('GM00011','M00001','G00006');
Insert into GROOMING.GROMMING_MEMBER (G_MEMBER_NO,MEMBER_NO,GROOMING_NO) values ('GM00012','M00002','G00008');
Insert into GROOMING.GROMMING_MEMBER (G_MEMBER_NO,MEMBER_NO,GROOMING_NO) values ('GM00013','M00006','G00010');
Insert into GROOMING.GROMMING_MEMBER (G_MEMBER_NO,MEMBER_NO,GROOMING_NO) values ('GM00014','M00007','G00011');
Insert into GROOMING.GROMMING_MEMBER (G_MEMBER_NO,MEMBER_NO,GROOMING_NO) values ('GM00015','M00009','G00012');
Insert into GROOMING.GROMMING_MEMBER (G_MEMBER_NO,MEMBER_NO,GROOMING_NO) values ('GM00016','M00010','G00013');
Insert into GROOMING.GROMMING_MEMBER (G_MEMBER_NO,MEMBER_NO,GROOMING_NO) values ('GM00017','M00011','G00014');
Insert into GROOMING.GROMMING_MEMBER (G_MEMBER_NO,MEMBER_NO,GROOMING_NO) values ('GM00018','M00013','G00015');
Insert into GROOMING.GROMMING_MEMBER (G_MEMBER_NO,MEMBER_NO,GROOMING_NO) values ('GM00019','M00014','G00016');
Insert into GROOMING.GROMMING_MEMBER (G_MEMBER_NO,MEMBER_NO,GROOMING_NO) values ('GM00021','M00016','G00017');
Insert into GROOMING.GROMMING_MEMBER (G_MEMBER_NO,MEMBER_NO,GROOMING_NO) values ('GM00022','M00017','G00018');
Insert into GROOMING.GROMMING_MEMBER (G_MEMBER_NO,MEMBER_NO,GROOMING_NO) values ('GM00024','M00004','G00001');
Insert into GROOMING.GROMMING_MEMBER (G_MEMBER_NO,MEMBER_NO,GROOMING_NO) values ('GM00025','M00001','G00001');
Insert into GROOMING.GROMMING_MEMBER (G_MEMBER_NO,MEMBER_NO,GROOMING_NO) values ('GM00026','M00002','G00001');
Insert into GROOMING.GROMMING_MEMBER (G_MEMBER_NO,MEMBER_NO,GROOMING_NO) values ('GM00027','M00006','G00001');

--------------------------------------------------------
Insert into GROOMING.GROOMING_CALENDAR (G_CALENDAR_NO,GROOMING_NO,GROOMING_MEMBER_NO,G_CALENDAR_EVNET,G_CALENDAR_START_DATE,G_CALENDAR_END_DATE) values ('GC00001','G00001','GM00001','스터디OT',to_date('20/08/13','RR/MM/DD'),to_date('20/08/13','RR/MM/DD'));
INSERT INTO "GROOMING"."GROOMING_CALENDAR" (G_CALENDAR_NO, GROOMING_NO, GROOMING_MEMBER_NO, G_CALENDAR_EVNET, G_CALENDAR_START_DATE, G_CALENDAR_END_DATE) VALUES ('GC00002', 'G00001', 'GM00005', '스터디OT1', TO_DATE('2020-09-01 03:02:00', 'YYYY-MM-DD HH24:MI:SS'), TO_DATE('2020-09-11 00:00:00', 'YYYY-MM-DD HH24:MI:SS'));
INSERT INTO "GROOMING"."GROOMING_CALENDAR" (G_CALENDAR_NO, GROOMING_NO, GROOMING_MEMBER_NO, G_CALENDAR_EVNET, G_CALENDAR_START_DATE, G_CALENDAR_END_DATE) VALUES ('GC00003', 'G00001', 'GM00005', '스터디OT2', TO_DATE('2020-09-10 00:00:00', 'YYYY-MM-DD HH24:MI:SS'), TO_DATE('2020-09-11 00:08:00', 'YYYY-MM-DD HH24:MI:SS'));
INSERT INTO "GROOMING"."GROOMING_CALENDAR" (G_CALENDAR_NO, GROOMING_NO, GROOMING_MEMBER_NO, G_CALENDAR_EVNET, G_CALENDAR_START_DATE, G_CALENDAR_END_DATE) VALUES ('GC00004', 'G00001', 'GM00005', '스터디OT3', TO_DATE('2020-08-13 00:00:00', 'YYYY-MM-DD HH24:MI:SS'), TO_DATE('2020-08-13 00:00:00', 'YYYY-MM-DD HH24:MI:SS'));
INSERT INTO "GROOMING"."GROOMING_CALENDAR" (G_CALENDAR_NO, GROOMING_NO, GROOMING_MEMBER_NO, G_CALENDAR_EVNET, G_CALENDAR_START_DATE, G_CALENDAR_END_DATE) VALUES ('GC00005', 'G00001', 'GM00005', '스터디OT4', TO_DATE('2020-08-13 00:00:00', 'YYYY-MM-DD HH24:MI:SS'), TO_DATE('2020-08-13 00:00:00', 'YYYY-MM-DD HH24:MI:SS'));
INSERT INTO "GROOMING"."GROOMING_CALENDAR" (G_CALENDAR_NO, GROOMING_NO, GROOMING_MEMBER_NO, G_CALENDAR_EVNET, G_CALENDAR_START_DATE, G_CALENDAR_END_DATE) VALUES ('GC00006', 'G00001', 'GM00005', '스터디OT5', TO_DATE('2020-09-01 00:00:00', 'YYYY-MM-DD HH24:MI:SS'), TO_DATE('2020-09-11 00:00:00', 'YYYY-MM-DD HH24:MI:SS'));
INSERT INTO "GROOMING"."GROOMING_CALENDAR" (G_CALENDAR_NO, GROOMING_NO, GROOMING_MEMBER_NO, G_CALENDAR_EVNET, G_CALENDAR_START_DATE, G_CALENDAR_END_DATE) VALUES ('GC00007', 'G00001', 'GM00005', '스터디OT6', TO_DATE('2020-09-10 00:00:00', 'YYYY-MM-DD HH24:MI:SS'), TO_DATE('2020-09-11 00:00:00', 'YYYY-MM-DD HH24:MI:SS'));
INSERT INTO "GROOMING"."GROOMING_CALENDAR" (G_CALENDAR_NO, GROOMING_NO, GROOMING_MEMBER_NO, G_CALENDAR_EVNET, G_CALENDAR_START_DATE, G_CALENDAR_END_DATE) VALUES ('GC00008', 'G00001', 'GM00005', '스터디OT7', TO_DATE('2020-08-13 00:00:00', 'YYYY-MM-DD HH24:MI:SS'), TO_DATE('2020-08-13 00:00:00', 'YYYY-MM-DD HH24:MI:SS'));
INSERT INTO "GROOMING"."GROOMING_CALENDAR" (G_CALENDAR_NO, GROOMING_NO, GROOMING_MEMBER_NO, G_CALENDAR_EVNET, G_CALENDAR_START_DATE, G_CALENDAR_END_DATE) VALUES ('GC00009', 'G00001', 'GM00005', '스터디OT8', TO_DATE('2020-08-13 00:00:00', 'YYYY-MM-DD HH24:MI:SS'), TO_DATE('2020-08-13 00:00:00', 'YYYY-MM-DD HH24:MI:SS'));



--------------------------------------------------------
Insert into GROOMING.HASHTAG (BOARD_NO,TAG_NO) values ('B00006','TAG00006');
Insert into GROOMING.HASHTAG (BOARD_NO,TAG_NO) values ('B00007','TAG00007');
Insert into GROOMING.HASHTAG (BOARD_NO,TAG_NO) values ('B00008','TAG00004');
Insert into GROOMING.HASHTAG (BOARD_NO,TAG_NO) values ('B00009','TAG00005');
Insert into GROOMING.HASHTAG (BOARD_NO,TAG_NO) values ('B00009','TAG00002');
Insert into GROOMING.HASHTAG (BOARD_NO,TAG_NO) values ('B00010','TAG00001');
Insert into GROOMING.HASHTAG (BOARD_NO,TAG_NO) values ('B00010','TAG00003');
Insert into GROOMING.HASHTAG (BOARD_NO,TAG_NO) values ('B00011','TAG00001');
Insert into GROOMING.HASHTAG (BOARD_NO,TAG_NO) values ('B00011','TAG00003');
Insert into GROOMING.HASHTAG (BOARD_NO,TAG_NO) values ('B00011','TAG00007');

--------------------------------------------------------
Insert into GROOMING.G_CHECK (G_CHECK_NO,GROOMING_NO,G_MEMBER_NO,G_CHECK,G_CHECK_DATE) values ('GN00001','G00001','GM00001','Y',to_date('20/08/10','RR/MM/DD'));
Insert into GROOMING.G_CHECK (G_CHECK_NO,GROOMING_NO,G_MEMBER_NO,G_CHECK,G_CHECK_DATE) values ('GN00002','G00001','GM00005','Y',to_date('20/08/10','RR/MM/DD'));
Insert into GROOMING.G_CHECK (G_CHECK_NO,GROOMING_NO,G_MEMBER_NO,G_CHECK,G_CHECK_DATE) values ('GN00003','G00001','GM00024','Y',to_date('20/08/10','RR/MM/DD'));
Insert into GROOMING.G_CHECK (G_CHECK_NO,GROOMING_NO,G_MEMBER_NO,G_CHECK,G_CHECK_DATE) values ('GN00004','G00001','GM00025','Y',to_date('20/08/10','RR/MM/DD'));
Insert into GROOMING.G_CHECK (G_CHECK_NO,GROOMING_NO,G_MEMBER_NO,G_CHECK,G_CHECK_DATE) values ('GN00005','G00001','GM00026','Y',to_date('20/08/10','RR/MM/DD'));
Insert into GROOMING.G_CHECK (G_CHECK_NO,GROOMING_NO,G_MEMBER_NO,G_CHECK,G_CHECK_DATE) values ('GN00006','G00001','GM00027','N',to_date('20/08/10','RR/MM/DD'));
Insert into GROOMING.G_CHECK (G_CHECK_NO,GROOMING_NO,G_MEMBER_NO,G_CHECK,G_CHECK_DATE) values ('GN00007','G00001','GM00001','Y',to_date('20/08/11','RR/MM/DD'));
Insert into GROOMING.G_CHECK (G_CHECK_NO,GROOMING_NO,G_MEMBER_NO,G_CHECK,G_CHECK_DATE) values ('GN00008','G00001','GM00005','Y',to_date('20/08/11','RR/MM/DD'));
Insert into GROOMING.G_CHECK (G_CHECK_NO,GROOMING_NO,G_MEMBER_NO,G_CHECK,G_CHECK_DATE) values ('GN00009','G00001','GM00024','Y',to_date('20/08/11','RR/MM/DD'));
Insert into GROOMING.G_CHECK (G_CHECK_NO,GROOMING_NO,G_MEMBER_NO,G_CHECK,G_CHECK_DATE) values ('GN00010','G00001','GM00025','Y',to_date('20/08/11','RR/MM/DD'));
Insert into GROOMING.G_CHECK (G_CHECK_NO,GROOMING_NO,G_MEMBER_NO,G_CHECK,G_CHECK_DATE) values ('GN00011','G00001','GM00026','Y',to_date('20/08/11','RR/MM/DD'));
Insert into GROOMING.G_CHECK (G_CHECK_NO,GROOMING_NO,G_MEMBER_NO,G_CHECK,G_CHECK_DATE) values ('GN00012','G00001','GM00027','Y',to_date('20/08/11','RR/MM/DD'));
Insert into GROOMING.G_CHECK (G_CHECK_NO,GROOMING_NO,G_MEMBER_NO,G_CHECK,G_CHECK_DATE) values ('GN00013','G00001','GM00001','Y',to_date('20/08/12','RR/MM/DD'));
Insert into GROOMING.G_CHECK (G_CHECK_NO,GROOMING_NO,G_MEMBER_NO,G_CHECK,G_CHECK_DATE) values ('GN00014','G00001','GM00005','Y',to_date('20/08/12','RR/MM/DD'));
Insert into GROOMING.G_CHECK (G_CHECK_NO,GROOMING_NO,G_MEMBER_NO,G_CHECK,G_CHECK_DATE) values ('GN00015','G00001','GM00024','Y',to_date('20/08/12','RR/MM/DD'));
Insert into GROOMING.G_CHECK (G_CHECK_NO,GROOMING_NO,G_MEMBER_NO,G_CHECK,G_CHECK_DATE) values ('GN00016','G00001','GM00025','Y',to_date('20/08/12','RR/MM/DD'));
Insert into GROOMING.G_CHECK (G_CHECK_NO,GROOMING_NO,G_MEMBER_NO,G_CHECK,G_CHECK_DATE) values ('GN00017','G00001','GM00026','Y',to_date('20/08/12','RR/MM/DD'));
Insert into GROOMING.G_CHECK (G_CHECK_NO,GROOMING_NO,G_MEMBER_NO,G_CHECK,G_CHECK_DATE) values ('GN00018','G00001','GM00027','Y',to_date('20/08/12','RR/MM/DD'));
Insert into GROOMING.G_CHECK (G_CHECK_NO,GROOMING_NO,G_MEMBER_NO,G_CHECK,G_CHECK_DATE) values ('GN00019','G00001','GM00001','Y',to_date('20/08/13','RR/MM/DD'));
Insert into GROOMING.G_CHECK (G_CHECK_NO,GROOMING_NO,G_MEMBER_NO,G_CHECK,G_CHECK_DATE) values ('GN00020','G00001','GM00005','Y',to_date('20/08/13','RR/MM/DD'));
Insert into GROOMING.G_CHECK (G_CHECK_NO,GROOMING_NO,G_MEMBER_NO,G_CHECK,G_CHECK_DATE) values ('GN00021','G00001','GM00024','Y',to_date('20/08/13','RR/MM/DD'));
Insert into GROOMING.G_CHECK (G_CHECK_NO,GROOMING_NO,G_MEMBER_NO,G_CHECK,G_CHECK_DATE) values ('GN00022','G00001','GM00025','Y',to_date('20/08/13','RR/MM/DD'));
Insert into GROOMING.G_CHECK (G_CHECK_NO,GROOMING_NO,G_MEMBER_NO,G_CHECK,G_CHECK_DATE) values ('GN00023','G00001','GM00026','Y',to_date('20/08/13','RR/MM/DD'));
Insert into GROOMING.G_CHECK (G_CHECK_NO,GROOMING_NO,G_MEMBER_NO,G_CHECK,G_CHECK_DATE) values ('GN00024','G00001','GM00027','Y',to_date('20/08/13','RR/MM/DD'));
Insert into GROOMING.G_CHECK (G_CHECK_NO,GROOMING_NO,G_MEMBER_NO,G_CHECK,G_CHECK_DATE) values ('GN00025','G00001','GM00001','Y',to_date('20/08/14','RR/MM/DD'));
Insert into GROOMING.G_CHECK (G_CHECK_NO,GROOMING_NO,G_MEMBER_NO,G_CHECK,G_CHECK_DATE) values ('GN00026','G00001','GM00005','Y',to_date('20/08/14','RR/MM/DD'));
Insert into GROOMING.G_CHECK (G_CHECK_NO,GROOMING_NO,G_MEMBER_NO,G_CHECK,G_CHECK_DATE) values ('GN00027','G00001','GM00024','Y',to_date('20/08/14','RR/MM/DD'));
Insert into GROOMING.G_CHECK (G_CHECK_NO,GROOMING_NO,G_MEMBER_NO,G_CHECK,G_CHECK_DATE) values ('GN00028','G00001','GM00025','Y',to_date('20/08/14','RR/MM/DD'));
Insert into GROOMING.G_CHECK (G_CHECK_NO,GROOMING_NO,G_MEMBER_NO,G_CHECK,G_CHECK_DATE) values ('GN00029','G00001','GM00026','Y',to_date('20/08/14','RR/MM/DD'));
Insert into GROOMING.G_CHECK (G_CHECK_NO,GROOMING_NO,G_MEMBER_NO,G_CHECK,G_CHECK_DATE) values ('GN00030','G00001','GM00027','Y',to_date('20/08/14','RR/MM/DD'));
Insert into GROOMING.G_CHECK (G_CHECK_NO,GROOMING_NO,G_MEMBER_NO,G_CHECK,G_CHECK_DATE) values ('GN00031','G00001','GM00001','Y',to_date('20/08/15','RR/MM/DD'));
Insert into GROOMING.G_CHECK (G_CHECK_NO,GROOMING_NO,G_MEMBER_NO,G_CHECK,G_CHECK_DATE) values ('GN00032','G00001','GM00005','Y',to_date('20/08/15','RR/MM/DD'));
Insert into GROOMING.G_CHECK (G_CHECK_NO,GROOMING_NO,G_MEMBER_NO,G_CHECK,G_CHECK_DATE) values ('GN00033','G00001','GM00024','Y',to_date('20/08/15','RR/MM/DD'));
Insert into GROOMING.G_CHECK (G_CHECK_NO,GROOMING_NO,G_MEMBER_NO,G_CHECK,G_CHECK_DATE) values ('GN00034','G00001','GM00025','Y',to_date('20/08/15','RR/MM/DD'));
Insert into GROOMING.G_CHECK (G_CHECK_NO,GROOMING_NO,G_MEMBER_NO,G_CHECK,G_CHECK_DATE) values ('GN00035','G00001','GM00026','Y',to_date('20/08/15','RR/MM/DD'));
Insert into GROOMING.G_CHECK (G_CHECK_NO,GROOMING_NO,G_MEMBER_NO,G_CHECK,G_CHECK_DATE) values ('GN00036','G00001','GM00027','Y',to_date('20/08/15','RR/MM/DD'));
Insert into GROOMING.G_CHECK (G_CHECK_NO,GROOMING_NO,G_MEMBER_NO,G_CHECK,G_CHECK_DATE) values ('GN00037','G00001','GM00001','Y',to_date('20/08/16','RR/MM/DD'));
Insert into GROOMING.G_CHECK (G_CHECK_NO,GROOMING_NO,G_MEMBER_NO,G_CHECK,G_CHECK_DATE) values ('GN00038','G00001','GM00005','Y',to_date('20/08/16','RR/MM/DD'));
Insert into GROOMING.G_CHECK (G_CHECK_NO,GROOMING_NO,G_MEMBER_NO,G_CHECK,G_CHECK_DATE) values ('GN00039','G00001','GM00024','Y',to_date('20/08/16','RR/MM/DD'));
Insert into GROOMING.G_CHECK (G_CHECK_NO,GROOMING_NO,G_MEMBER_NO,G_CHECK,G_CHECK_DATE) values ('GN00040','G00001','GM00025','Y',to_date('20/08/16','RR/MM/DD'));
Insert into GROOMING.G_CHECK (G_CHECK_NO,GROOMING_NO,G_MEMBER_NO,G_CHECK,G_CHECK_DATE) values ('GN00041','G00001','GM00026','Y',to_date('20/08/16','RR/MM/DD'));
Insert into GROOMING.G_CHECK (G_CHECK_NO,GROOMING_NO,G_MEMBER_NO,G_CHECK,G_CHECK_DATE) values ('GN00042','G00001','GM00027','Y',to_date('20/08/16','RR/MM/DD'));
Insert into GROOMING.G_CHECK (G_CHECK_NO,GROOMING_NO,G_MEMBER_NO,G_CHECK,G_CHECK_DATE) values ('GN00043','G00001','GM00001','Y',to_date('20/08/17','RR/MM/DD'));
Insert into GROOMING.G_CHECK (G_CHECK_NO,GROOMING_NO,G_MEMBER_NO,G_CHECK,G_CHECK_DATE) values ('GN00044','G00001','GM00005','Y',to_date('20/08/17','RR/MM/DD'));
Insert into GROOMING.G_CHECK (G_CHECK_NO,GROOMING_NO,G_MEMBER_NO,G_CHECK,G_CHECK_DATE) values ('GN00045','G00001','GM00024','Y',to_date('20/08/17','RR/MM/DD'));
Insert into GROOMING.G_CHECK (G_CHECK_NO,GROOMING_NO,G_MEMBER_NO,G_CHECK,G_CHECK_DATE) values ('GN00046','G00001','GM00025','Y',to_date('20/08/17','RR/MM/DD'));
Insert into GROOMING.G_CHECK (G_CHECK_NO,GROOMING_NO,G_MEMBER_NO,G_CHECK,G_CHECK_DATE) values ('GN00047','G00001','GM00026','Y',to_date('20/08/17','RR/MM/DD'));
Insert into GROOMING.G_CHECK (G_CHECK_NO,GROOMING_NO,G_MEMBER_NO,G_CHECK,G_CHECK_DATE) values ('GN00048','G00001','GM00027','Y',to_date('20/08/17','RR/MM/DD'));
Insert into GROOMING.G_CHECK (G_CHECK_NO,GROOMING_NO,G_MEMBER_NO,G_CHECK,G_CHECK_DATE) values ('GN00049','G00001','GM00001','Y',to_date('20/08/18','RR/MM/DD'));
Insert into GROOMING.G_CHECK (G_CHECK_NO,GROOMING_NO,G_MEMBER_NO,G_CHECK,G_CHECK_DATE) values ('GN00050','G00001','GM00005','Y',to_date('20/08/18','RR/MM/DD'));
Insert into GROOMING.G_CHECK (G_CHECK_NO,GROOMING_NO,G_MEMBER_NO,G_CHECK,G_CHECK_DATE) values ('GN00051','G00001','GM00024','Y',to_date('20/08/18','RR/MM/DD'));
Insert into GROOMING.G_CHECK (G_CHECK_NO,GROOMING_NO,G_MEMBER_NO,G_CHECK,G_CHECK_DATE) values ('GN00052','G00001','GM00025','Y',to_date('20/08/18','RR/MM/DD'));
Insert into GROOMING.G_CHECK (G_CHECK_NO,GROOMING_NO,G_MEMBER_NO,G_CHECK,G_CHECK_DATE) values ('GN00053','G00001','GM00026','Y',to_date('20/08/18','RR/MM/DD'));
Insert into GROOMING.G_CHECK (G_CHECK_NO,GROOMING_NO,G_MEMBER_NO,G_CHECK,G_CHECK_DATE) values ('GN00054','G00001','GM00027','Y',to_date('20/08/18','RR/MM/DD'));
Insert into GROOMING.G_CHECK (G_CHECK_NO,GROOMING_NO,G_MEMBER_NO,G_CHECK,G_CHECK_DATE) values ('GN00055','G00001','GM00001','Y',to_date('20/08/19','RR/MM/DD'));
Insert into GROOMING.G_CHECK (G_CHECK_NO,GROOMING_NO,G_MEMBER_NO,G_CHECK,G_CHECK_DATE) values ('GN00056','G00001','GM00005','Y',to_date('20/08/19','RR/MM/DD'));
Insert into GROOMING.G_CHECK (G_CHECK_NO,GROOMING_NO,G_MEMBER_NO,G_CHECK,G_CHECK_DATE) values ('GN00057','G00001','GM00024','Y',to_date('20/08/19','RR/MM/DD'));
Insert into GROOMING.G_CHECK (G_CHECK_NO,GROOMING_NO,G_MEMBER_NO,G_CHECK,G_CHECK_DATE) values ('GN00058','G00001','GM00025','Y',to_date('20/08/19','RR/MM/DD'));
Insert into GROOMING.G_CHECK (G_CHECK_NO,GROOMING_NO,G_MEMBER_NO,G_CHECK,G_CHECK_DATE) values ('GN00059','G00001','GM00026','Y',to_date('20/08/19','RR/MM/DD'));
Insert into GROOMING.G_CHECK (G_CHECK_NO,GROOMING_NO,G_MEMBER_NO,G_CHECK,G_CHECK_DATE) values ('GN00060','G00001','GM00027','Y',to_date('20/08/19','RR/MM/DD'));
Insert into GROOMING.G_CHECK (G_CHECK_NO,GROOMING_NO,G_MEMBER_NO,G_CHECK,G_CHECK_DATE) values ('GN00061','G00001','GM00001','Y',to_date('20/08/20','RR/MM/DD'));
Insert into GROOMING.G_CHECK (G_CHECK_NO,GROOMING_NO,G_MEMBER_NO,G_CHECK,G_CHECK_DATE) values ('GN00062','G00001','GM00005','Y',to_date('20/08/20','RR/MM/DD'));
Insert into GROOMING.G_CHECK (G_CHECK_NO,GROOMING_NO,G_MEMBER_NO,G_CHECK,G_CHECK_DATE) values ('GN00063','G00001','GM00024','Y',to_date('20/08/20','RR/MM/DD'));
Insert into GROOMING.G_CHECK (G_CHECK_NO,GROOMING_NO,G_MEMBER_NO,G_CHECK,G_CHECK_DATE) values ('GN00064','G00001','GM00025','Y',to_date('20/08/20','RR/MM/DD'));
Insert into GROOMING.G_CHECK (G_CHECK_NO,GROOMING_NO,G_MEMBER_NO,G_CHECK,G_CHECK_DATE) values ('GN00065','G00001','GM00026','Y',to_date('20/08/20','RR/MM/DD'));
Insert into GROOMING.G_CHECK (G_CHECK_NO,GROOMING_NO,G_MEMBER_NO,G_CHECK,G_CHECK_DATE) values ('GN00066','G00001','GM00027','Y',to_date('20/08/20','RR/MM/DD'));
Insert into GROOMING.G_CHECK (G_CHECK_NO,GROOMING_NO,G_MEMBER_NO,G_CHECK,G_CHECK_DATE) values ('GN00067','G00001','GM00001','Y',to_date('20/08/21','RR/MM/DD'));
Insert into GROOMING.G_CHECK (G_CHECK_NO,GROOMING_NO,G_MEMBER_NO,G_CHECK,G_CHECK_DATE) values ('GN00068','G00001','GM00005','Y',to_date('20/08/21','RR/MM/DD'));
Insert into GROOMING.G_CHECK (G_CHECK_NO,GROOMING_NO,G_MEMBER_NO,G_CHECK,G_CHECK_DATE) values ('GN00069','G00001','GM00024','Y',to_date('20/08/21','RR/MM/DD'));
Insert into GROOMING.G_CHECK (G_CHECK_NO,GROOMING_NO,G_MEMBER_NO,G_CHECK,G_CHECK_DATE) values ('GN00070','G00001','GM00025','Y',to_date('20/08/21','RR/MM/DD'));
Insert into GROOMING.G_CHECK (G_CHECK_NO,GROOMING_NO,G_MEMBER_NO,G_CHECK,G_CHECK_DATE) values ('GN00071','G00001','GM00026','Y',to_date('20/08/21','RR/MM/DD'));
Insert into GROOMING.G_CHECK (G_CHECK_NO,GROOMING_NO,G_MEMBER_NO,G_CHECK,G_CHECK_DATE) values ('GN00072','G00001','GM00027','Y',to_date('20/08/21','RR/MM/DD'));
Insert into GROOMING.G_CHECK (G_CHECK_NO,GROOMING_NO,G_MEMBER_NO,G_CHECK,G_CHECK_DATE) values ('GN00073','G00001','GM00001','Y',to_date('20/08/22','RR/MM/DD'));
Insert into GROOMING.G_CHECK (G_CHECK_NO,GROOMING_NO,G_MEMBER_NO,G_CHECK,G_CHECK_DATE) values ('GN00074','G00001','GM00005','Y',to_date('20/08/22','RR/MM/DD'));
Insert into GROOMING.G_CHECK (G_CHECK_NO,GROOMING_NO,G_MEMBER_NO,G_CHECK,G_CHECK_DATE) values ('GN00075','G00001','GM00024','Y',to_date('20/08/22','RR/MM/DD'));
Insert into GROOMING.G_CHECK (G_CHECK_NO,GROOMING_NO,G_MEMBER_NO,G_CHECK,G_CHECK_DATE) values ('GN00076','G00001','GM00025','Y',to_date('20/08/22','RR/MM/DD'));
Insert into GROOMING.G_CHECK (G_CHECK_NO,GROOMING_NO,G_MEMBER_NO,G_CHECK,G_CHECK_DATE) values ('GN00077','G00001','GM00026','Y',to_date('20/08/22','RR/MM/DD'));
Insert into GROOMING.G_CHECK (G_CHECK_NO,GROOMING_NO,G_MEMBER_NO,G_CHECK,G_CHECK_DATE) values ('GN00078','G00001','GM00027','Y',to_date('20/08/22','RR/MM/DD'));
Insert into GROOMING.G_CHECK (G_CHECK_NO,GROOMING_NO,G_MEMBER_NO,G_CHECK,G_CHECK_DATE) values ('GN00079','G00001','GM00001','Y',to_date('20/08/23','RR/MM/DD'));
Insert into GROOMING.G_CHECK (G_CHECK_NO,GROOMING_NO,G_MEMBER_NO,G_CHECK,G_CHECK_DATE) values ('GN00080','G00001','GM00005','Y',to_date('20/08/23','RR/MM/DD'));
Insert into GROOMING.G_CHECK (G_CHECK_NO,GROOMING_NO,G_MEMBER_NO,G_CHECK,G_CHECK_DATE) values ('GN00081','G00001','GM00024','Y',to_date('20/08/23','RR/MM/DD'));
Insert into GROOMING.G_CHECK (G_CHECK_NO,GROOMING_NO,G_MEMBER_NO,G_CHECK,G_CHECK_DATE) values ('GN00082','G00001','GM00025','Y',to_date('20/08/23','RR/MM/DD'));
Insert into GROOMING.G_CHECK (G_CHECK_NO,GROOMING_NO,G_MEMBER_NO,G_CHECK,G_CHECK_DATE) values ('GN00083','G00001','GM00026','Y',to_date('20/08/23','RR/MM/DD'));
Insert into GROOMING.G_CHECK (G_CHECK_NO,GROOMING_NO,G_MEMBER_NO,G_CHECK,G_CHECK_DATE) values ('GN00084','G00001','GM00027','Y',to_date('20/08/23','RR/MM/DD'));
Insert into GROOMING.G_CHECK (G_CHECK_NO,GROOMING_NO,G_MEMBER_NO,G_CHECK,G_CHECK_DATE) values ('GN00085','G00001','GM00001','Y',to_date('20/08/24','RR/MM/DD'));
Insert into GROOMING.G_CHECK (G_CHECK_NO,GROOMING_NO,G_MEMBER_NO,G_CHECK,G_CHECK_DATE) values ('GN00086','G00001','GM00005','Y',to_date('20/08/24','RR/MM/DD'));
Insert into GROOMING.G_CHECK (G_CHECK_NO,GROOMING_NO,G_MEMBER_NO,G_CHECK,G_CHECK_DATE) values ('GN00087','G00001','GM00024','Y',to_date('20/08/24','RR/MM/DD'));
Insert into GROOMING.G_CHECK (G_CHECK_NO,GROOMING_NO,G_MEMBER_NO,G_CHECK,G_CHECK_DATE) values ('GN00088','G00001','GM00025','Y',to_date('20/08/24','RR/MM/DD'));
Insert into GROOMING.G_CHECK (G_CHECK_NO,GROOMING_NO,G_MEMBER_NO,G_CHECK,G_CHECK_DATE) values ('GN00089','G00001','GM00026','Y',to_date('20/08/24','RR/MM/DD'));
Insert into GROOMING.G_CHECK (G_CHECK_NO,GROOMING_NO,G_MEMBER_NO,G_CHECK,G_CHECK_DATE) values ('GN00090','G00001','GM00027','Y',to_date('20/08/24','RR/MM/DD'));
Insert into GROOMING.G_CHECK (G_CHECK_NO,GROOMING_NO,G_MEMBER_NO,G_CHECK,G_CHECK_DATE) values ('GN00091','G00001','GM00001','Y',to_date('20/08/25','RR/MM/DD'));
Insert into GROOMING.G_CHECK (G_CHECK_NO,GROOMING_NO,G_MEMBER_NO,G_CHECK,G_CHECK_DATE) values ('GN00092','G00001','GM00005','Y',to_date('20/08/25','RR/MM/DD'));
Insert into GROOMING.G_CHECK (G_CHECK_NO,GROOMING_NO,G_MEMBER_NO,G_CHECK,G_CHECK_DATE) values ('GN00093','G00001','GM00024','Y',to_date('20/08/25','RR/MM/DD'));
Insert into GROOMING.G_CHECK (G_CHECK_NO,GROOMING_NO,G_MEMBER_NO,G_CHECK,G_CHECK_DATE) values ('GN00094','G00001','GM00025','Y',to_date('20/08/25','RR/MM/DD'));
Insert into GROOMING.G_CHECK (G_CHECK_NO,GROOMING_NO,G_MEMBER_NO,G_CHECK,G_CHECK_DATE) values ('GN00095','G00001','GM00026','Y',to_date('20/08/25','RR/MM/DD'));
Insert into GROOMING.G_CHECK (G_CHECK_NO,GROOMING_NO,G_MEMBER_NO,G_CHECK,G_CHECK_DATE) values ('GN00096','G00001','GM00027','Y',to_date('20/08/25','RR/MM/DD'));
Insert into GROOMING.G_CHECK (G_CHECK_NO,GROOMING_NO,G_MEMBER_NO,G_CHECK,G_CHECK_DATE) values ('GN00097','G00001','GM00001','Y',to_date('20/08/26','RR/MM/DD'));
Insert into GROOMING.G_CHECK (G_CHECK_NO,GROOMING_NO,G_MEMBER_NO,G_CHECK,G_CHECK_DATE) values ('GN00098','G00001','GM00005','Y',to_date('20/08/26','RR/MM/DD'));
Insert into GROOMING.G_CHECK (G_CHECK_NO,GROOMING_NO,G_MEMBER_NO,G_CHECK,G_CHECK_DATE) values ('GN00099','G00001','GM00024','Y',to_date('20/08/26','RR/MM/DD'));
Insert into GROOMING.G_CHECK (G_CHECK_NO,GROOMING_NO,G_MEMBER_NO,G_CHECK,G_CHECK_DATE) values ('GN000100','G00001','GM00025','Y',to_date('20/08/26','RR/MM/DD'));
Insert into GROOMING.G_CHECK (G_CHECK_NO,GROOMING_NO,G_MEMBER_NO,G_CHECK,G_CHECK_DATE) values ('GN000101','G00001','GM00026','Y',to_date('20/08/26','RR/MM/DD'));
Insert into GROOMING.G_CHECK (G_CHECK_NO,GROOMING_NO,G_MEMBER_NO,G_CHECK,G_CHECK_DATE) values ('GN000102','G00001','GM00027','Y',to_date('20/08/26','RR/MM/DD'));
Insert into GROOMING.G_CHECK (G_CHECK_NO,GROOMING_NO,G_MEMBER_NO,G_CHECK,G_CHECK_DATE) values ('GN000103','G00001','GM00001','Y',to_date('20/08/27','RR/MM/DD'));
Insert into GROOMING.G_CHECK (G_CHECK_NO,GROOMING_NO,G_MEMBER_NO,G_CHECK,G_CHECK_DATE) values ('GN000104','G00001','GM00005','Y',to_date('20/08/27','RR/MM/DD'));
Insert into GROOMING.G_CHECK (G_CHECK_NO,GROOMING_NO,G_MEMBER_NO,G_CHECK,G_CHECK_DATE) values ('GN000105','G00001','GM00024','Y',to_date('20/08/27','RR/MM/DD'));
Insert into GROOMING.G_CHECK (G_CHECK_NO,GROOMING_NO,G_MEMBER_NO,G_CHECK,G_CHECK_DATE) values ('GN000106','G00001','GM00025','Y',to_date('20/08/27','RR/MM/DD'));
Insert into GROOMING.G_CHECK (G_CHECK_NO,GROOMING_NO,G_MEMBER_NO,G_CHECK,G_CHECK_DATE) values ('GN000107','G00001','GM00026','Y',to_date('20/08/27','RR/MM/DD'));
Insert into GROOMING.G_CHECK (G_CHECK_NO,GROOMING_NO,G_MEMBER_NO,G_CHECK,G_CHECK_DATE) values ('GN000108','G00001','GM00027','Y',to_date('20/08/27','RR/MM/DD'));
Insert into GROOMING.G_CHECK (G_CHECK_NO,GROOMING_NO,G_MEMBER_NO,G_CHECK,G_CHECK_DATE) values ('GN000109','G00001','GM00001','Y',to_date('20/08/28','RR/MM/DD'));
Insert into GROOMING.G_CHECK (G_CHECK_NO,GROOMING_NO,G_MEMBER_NO,G_CHECK,G_CHECK_DATE) values ('GN000110','G00001','GM00005','Y',to_date('20/08/28','RR/MM/DD'));
Insert into GROOMING.G_CHECK (G_CHECK_NO,GROOMING_NO,G_MEMBER_NO,G_CHECK,G_CHECK_DATE) values ('GN000111','G00001','GM00024','Y',to_date('20/08/28','RR/MM/DD'));
Insert into GROOMING.G_CHECK (G_CHECK_NO,GROOMING_NO,G_MEMBER_NO,G_CHECK,G_CHECK_DATE) values ('GN000112','G00001','GM00025','Y',to_date('20/08/28','RR/MM/DD'));
Insert into GROOMING.G_CHECK (G_CHECK_NO,GROOMING_NO,G_MEMBER_NO,G_CHECK,G_CHECK_DATE) values ('GN000113','G00001','GM00026','Y',to_date('20/08/28','RR/MM/DD'));
Insert into GROOMING.G_CHECK (G_CHECK_NO,GROOMING_NO,G_MEMBER_NO,G_CHECK,G_CHECK_DATE) values ('GN000114','G00001','GM00027','Y',to_date('20/08/28','RR/MM/DD'));
Insert into GROOMING.G_CHECK (G_CHECK_NO,GROOMING_NO,G_MEMBER_NO,G_CHECK,G_CHECK_DATE) values ('GN000115','G00001','GM00001','Y',to_date('20/08/29','RR/MM/DD'));
Insert into GROOMING.G_CHECK (G_CHECK_NO,GROOMING_NO,G_MEMBER_NO,G_CHECK,G_CHECK_DATE) values ('GN000116','G00001','GM00005','Y',to_date('20/08/29','RR/MM/DD'));
Insert into GROOMING.G_CHECK (G_CHECK_NO,GROOMING_NO,G_MEMBER_NO,G_CHECK,G_CHECK_DATE) values ('GN000117','G00001','GM00024','Y',to_date('20/08/29','RR/MM/DD'));
Insert into GROOMING.G_CHECK (G_CHECK_NO,GROOMING_NO,G_MEMBER_NO,G_CHECK,G_CHECK_DATE) values ('GN000118','G00001','GM00025','Y',to_date('20/08/29','RR/MM/DD'));
Insert into GROOMING.G_CHECK (G_CHECK_NO,GROOMING_NO,G_MEMBER_NO,G_CHECK,G_CHECK_DATE) values ('GN000119','G00001','GM00026','Y',to_date('20/08/29','RR/MM/DD'));
Insert into GROOMING.G_CHECK (G_CHECK_NO,GROOMING_NO,G_MEMBER_NO,G_CHECK,G_CHECK_DATE) values ('GN000120','G00001','GM00027','Y',to_date('20/08/29','RR/MM/DD'));
Insert into GROOMING.G_CHECK (G_CHECK_NO,GROOMING_NO,G_MEMBER_NO,G_CHECK,G_CHECK_DATE) values ('GN000121','G00001','GM00001','Y',to_date('20/08/30','RR/MM/DD'));
Insert into GROOMING.G_CHECK (G_CHECK_NO,GROOMING_NO,G_MEMBER_NO,G_CHECK,G_CHECK_DATE) values ('GN000122','G00001','GM00005','Y',to_date('20/08/30','RR/MM/DD'));
Insert into GROOMING.G_CHECK (G_CHECK_NO,GROOMING_NO,G_MEMBER_NO,G_CHECK,G_CHECK_DATE) values ('GN000123','G00001','GM00024','Y',to_date('20/08/30','RR/MM/DD'));
Insert into GROOMING.G_CHECK (G_CHECK_NO,GROOMING_NO,G_MEMBER_NO,G_CHECK,G_CHECK_DATE) values ('GN000124','G00001','GM00025','Y',to_date('20/08/30','RR/MM/DD'));
Insert into GROOMING.G_CHECK (G_CHECK_NO,GROOMING_NO,G_MEMBER_NO,G_CHECK,G_CHECK_DATE) values ('GN000125','G00001','GM00026','Y',to_date('20/08/30','RR/MM/DD'));
Insert into GROOMING.G_CHECK (G_CHECK_NO,GROOMING_NO,G_MEMBER_NO,G_CHECK,G_CHECK_DATE) values ('GN000126','G00001','GM00027','Y',to_date('20/08/30','RR/MM/DD'));
Insert into GROOMING.G_CHECK (G_CHECK_NO,GROOMING_NO,G_MEMBER_NO,G_CHECK,G_CHECK_DATE) values ('GN000127','G00001','GM00001','Y',to_date('20/08/31','RR/MM/DD'));
Insert into GROOMING.G_CHECK (G_CHECK_NO,GROOMING_NO,G_MEMBER_NO,G_CHECK,G_CHECK_DATE) values ('GN000128','G00001','GM00005','Y',to_date('20/08/31','RR/MM/DD'));
Insert into GROOMING.G_CHECK (G_CHECK_NO,GROOMING_NO,G_MEMBER_NO,G_CHECK,G_CHECK_DATE) values ('GN000129','G00001','GM00024','Y',to_date('20/08/31','RR/MM/DD'));
Insert into GROOMING.G_CHECK (G_CHECK_NO,GROOMING_NO,G_MEMBER_NO,G_CHECK,G_CHECK_DATE) values ('GN000130','G00001','GM00025','Y',to_date('20/08/31','RR/MM/DD'));
Insert into GROOMING.G_CHECK (G_CHECK_NO,GROOMING_NO,G_MEMBER_NO,G_CHECK,G_CHECK_DATE) values ('GN000131','G00001','GM00026','Y',to_date('20/08/31','RR/MM/DD'));
Insert into GROOMING.G_CHECK (G_CHECK_NO,GROOMING_NO,G_MEMBER_NO,G_CHECK,G_CHECK_DATE) values ('GN000132','G00001','GM00027','Y',to_date('20/08/31','RR/MM/DD'));
Insert into GROOMING.G_CHECK (G_CHECK_NO,GROOMING_NO,G_MEMBER_NO,G_CHECK,G_CHECK_DATE) values ('GN01000','G00001','GM00001','L',to_date('20/09/01','RR/MM/DD'));
Insert into GROOMING.G_CHECK (G_CHECK_NO,GROOMING_NO,G_MEMBER_NO,G_CHECK,G_CHECK_DATE) values ('GN01001','G00001','GM00005','L',to_date('20/09/01','RR/MM/DD'));
Insert into GROOMING.G_CHECK (G_CHECK_NO,GROOMING_NO,G_MEMBER_NO,G_CHECK,G_CHECK_DATE) values ('GN01002','G00001','GM00024','L',to_date('20/09/01','RR/MM/DD'));
Insert into GROOMING.G_CHECK (G_CHECK_NO,GROOMING_NO,G_MEMBER_NO,G_CHECK,G_CHECK_DATE) values ('GN01003','G00001','GM00025','L',to_date('20/09/01','RR/MM/DD'));
Insert into GROOMING.G_CHECK (G_CHECK_NO,GROOMING_NO,G_MEMBER_NO,G_CHECK,G_CHECK_DATE) values ('GN01004','G00001','GM00026','Y',to_date('20/09/01','RR/MM/DD'));
Insert into GROOMING.G_CHECK (G_CHECK_NO,GROOMING_NO,G_MEMBER_NO,G_CHECK,G_CHECK_DATE) values ('GN01005','G00001','GM00027','Y',to_date('20/09/01','RR/MM/DD'));
Insert into GROOMING.G_CHECK (G_CHECK_NO,GROOMING_NO,G_MEMBER_NO,G_CHECK,G_CHECK_DATE) values ('GN01006','G00001','GM00001','Y',to_date('20/09/02','RR/MM/DD'));
Insert into GROOMING.G_CHECK (G_CHECK_NO,GROOMING_NO,G_MEMBER_NO,G_CHECK,G_CHECK_DATE) values ('GN01007','G00001','GM00005','L',to_date('20/09/02','RR/MM/DD'));
Insert into GROOMING.G_CHECK (G_CHECK_NO,GROOMING_NO,G_MEMBER_NO,G_CHECK,G_CHECK_DATE) values ('GN01008','G00001','GM00024','Y',to_date('20/09/02','RR/MM/DD'));
Insert into GROOMING.G_CHECK (G_CHECK_NO,GROOMING_NO,G_MEMBER_NO,G_CHECK,G_CHECK_DATE) values ('GN01009','G00001','GM00025','Y',to_date('20/09/02','RR/MM/DD'));
Insert into GROOMING.G_CHECK (G_CHECK_NO,GROOMING_NO,G_MEMBER_NO,G_CHECK,G_CHECK_DATE) values ('GN01010','G00001','GM00026','Y',to_date('20/09/02','RR/MM/DD'));
Insert into GROOMING.G_CHECK (G_CHECK_NO,GROOMING_NO,G_MEMBER_NO,G_CHECK,G_CHECK_DATE) values ('GN01011','G00001','GM00027','Y',to_date('20/09/02','RR/MM/DD'));
Insert into GROOMING.G_CHECK (G_CHECK_NO,GROOMING_NO,G_MEMBER_NO,G_CHECK,G_CHECK_DATE) values ('GN01012','G00001','GM00001','Y',to_date('20/09/03','RR/MM/DD'));
Insert into GROOMING.G_CHECK (G_CHECK_NO,GROOMING_NO,G_MEMBER_NO,G_CHECK,G_CHECK_DATE) values ('GN01013','G00001','GM00005','Y',to_date('20/09/03','RR/MM/DD'));
Insert into GROOMING.G_CHECK (G_CHECK_NO,GROOMING_NO,G_MEMBER_NO,G_CHECK,G_CHECK_DATE) values ('GN01014','G00001','GM00024','Y',to_date('20/09/03','RR/MM/DD'));
Insert into GROOMING.G_CHECK (G_CHECK_NO,GROOMING_NO,G_MEMBER_NO,G_CHECK,G_CHECK_DATE) values ('GN01015','G00001','GM00025','Y',to_date('20/09/03','RR/MM/DD'));
Insert into GROOMING.G_CHECK (G_CHECK_NO,GROOMING_NO,G_MEMBER_NO,G_CHECK,G_CHECK_DATE) values ('GN01016','G00001','GM00026','Y',to_date('20/09/03','RR/MM/DD'));
Insert into GROOMING.G_CHECK (G_CHECK_NO,GROOMING_NO,G_MEMBER_NO,G_CHECK,G_CHECK_DATE) values ('GN01017','G00001','GM00027','Y',to_date('20/09/03','RR/MM/DD'));
Insert into GROOMING.G_CHECK (G_CHECK_NO,GROOMING_NO,G_MEMBER_NO,G_CHECK,G_CHECK_DATE) values ('GN01018','G00001','GM00001','Y',to_date('20/09/04','RR/MM/DD'));
Insert into GROOMING.G_CHECK (G_CHECK_NO,GROOMING_NO,G_MEMBER_NO,G_CHECK,G_CHECK_DATE) values ('GN01019','G00001','GM00005','Y',to_date('20/09/04','RR/MM/DD'));
Insert into GROOMING.G_CHECK (G_CHECK_NO,GROOMING_NO,G_MEMBER_NO,G_CHECK,G_CHECK_DATE) values ('GN01020','G00001','GM00024','L',to_date('20/09/04','RR/MM/DD'));
Insert into GROOMING.G_CHECK (G_CHECK_NO,GROOMING_NO,G_MEMBER_NO,G_CHECK,G_CHECK_DATE) values ('GN01021','G00001','GM00025','L',to_date('20/09/04','RR/MM/DD'));
Insert into GROOMING.G_CHECK (G_CHECK_NO,GROOMING_NO,G_MEMBER_NO,G_CHECK,G_CHECK_DATE) values ('GN01022','G00001','GM00026','L',to_date('20/09/04','RR/MM/DD'));
Insert into GROOMING.G_CHECK (G_CHECK_NO,GROOMING_NO,G_MEMBER_NO,G_CHECK,G_CHECK_DATE) values ('GN01023','G00001','GM00027','L',to_date('20/09/04','RR/MM/DD'));

--------------------------------------------------------
Insert into GROOMING.LOCATION (LOCATION_NO,LOCATION_NAME,MEMBER_NO) values ('L00001','강남역','M00001');
Insert into GROOMING.LOCATION (LOCATION_NO,LOCATION_NAME,MEMBER_NO) values ('L00002','강남역','M00002');
Insert into GROOMING.LOCATION (LOCATION_NO,LOCATION_NAME,MEMBER_NO) values ('L00003','강남역','M00003');
Insert into GROOMING.LOCATION (LOCATION_NO,LOCATION_NAME,MEMBER_NO) values ('L00004','강남역','M00004');
Insert into GROOMING.LOCATION (LOCATION_NO,LOCATION_NAME,MEMBER_NO) values ('L00005','강남역','M00005');
Insert into GROOMING.LOCATION (LOCATION_NO,LOCATION_NAME,MEMBER_NO) values ('L00006','강남역','M00006');
Insert into GROOMING.LOCATION (LOCATION_NO,LOCATION_NAME,MEMBER_NO) values ('L00007','강남역','M00007');
Insert into GROOMING.LOCATION (LOCATION_NO,LOCATION_NAME,MEMBER_NO) values ('L00008','강남역','M00008');
Insert into GROOMING.LOCATION (LOCATION_NO,LOCATION_NAME,MEMBER_NO) values ('L00009','강남역','M00009');
Insert into GROOMING.LOCATION (LOCATION_NO,LOCATION_NAME,MEMBER_NO) values ('L00010','강남역','M00010');
Insert into GROOMING.LOCATION (LOCATION_NO,LOCATION_NAME,MEMBER_NO) values ('L00011','강남역','M00011');
Insert into GROOMING.LOCATION (LOCATION_NO,LOCATION_NAME,MEMBER_NO) values ('L00012','강남역','M00012');
Insert into GROOMING.LOCATION (LOCATION_NO,LOCATION_NAME,MEMBER_NO) values ('L00013','강남역','M00013');
Insert into GROOMING.LOCATION (LOCATION_NO,LOCATION_NAME,MEMBER_NO) values ('L00014','강남역','M00014');
Insert into GROOMING.LOCATION (LOCATION_NO,LOCATION_NAME,MEMBER_NO) values ('L00015','강남역','M00015');
Insert into GROOMING.LOCATION (LOCATION_NO,LOCATION_NAME,MEMBER_NO) values ('L00016','강남역','M00016');
Insert into GROOMING.LOCATION (LOCATION_NO,LOCATION_NAME,MEMBER_NO) values ('L00017','강남역','M00017');
Insert into GROOMING.LOCATION (LOCATION_NO,LOCATION_NAME,MEMBER_NO) values ('L00018','강남역','M00018');
Insert into GROOMING.LOCATION (LOCATION_NO,LOCATION_NAME,MEMBER_NO) values ('L00019','강남역','M00019');
Insert into GROOMING.LOCATION (LOCATION_NO,LOCATION_NAME,MEMBER_NO) values ('L00020','강남역','M00020');
Insert into GROOMING.LOCATION (LOCATION_NO,LOCATION_NAME,MEMBER_NO) values ('L00021','강남역','M00021');
Insert into GROOMING.LOCATION (LOCATION_NO,LOCATION_NAME,MEMBER_NO) values ('L00022','강남역','M00022');
Insert into GROOMING.LOCATION (LOCATION_NO,LOCATION_NAME,MEMBER_NO) values ('L00023','강남역','M00023');
Insert into GROOMING.LOCATION (LOCATION_NO,LOCATION_NAME,MEMBER_NO) values ('L00024','강남역','M00024');
Insert into GROOMING.LOCATION (LOCATION_NO,LOCATION_NAME,MEMBER_NO) values ('L00025','강남역','M00025');

--------------------------------------------------------
Insert into GROOMING.MEMBER_TAG (MEMBER_NO,TAG_NO) values ('M00001','TAG00001');
Insert into GROOMING.MEMBER_TAG (MEMBER_NO,TAG_NO) values ('M00002','TAG00001');
Insert into GROOMING.MEMBER_TAG (MEMBER_NO,TAG_NO) values ('M00003','TAG00001');
Insert into GROOMING.MEMBER_TAG (MEMBER_NO,TAG_NO) values ('M00004','TAG00001');
Insert into GROOMING.MEMBER_TAG (MEMBER_NO,TAG_NO) values ('M00005','TAG00001');
Insert into GROOMING.MEMBER_TAG (MEMBER_NO,TAG_NO) values ('M00006','TAG00001');
Insert into GROOMING.MEMBER_TAG (MEMBER_NO,TAG_NO) values ('M00007','TAG00001');
Insert into GROOMING.MEMBER_TAG (MEMBER_NO,TAG_NO) values ('M00008','TAG00001');
Insert into GROOMING.MEMBER_TAG (MEMBER_NO,TAG_NO) values ('M00009','TAG00001');
Insert into GROOMING.MEMBER_TAG (MEMBER_NO,TAG_NO) values ('M00010','TAG00001');
Insert into GROOMING.MEMBER_TAG (MEMBER_NO,TAG_NO) values ('M00011','TAG00001');
Insert into GROOMING.MEMBER_TAG (MEMBER_NO,TAG_NO) values ('M00012','TAG00001');
Insert into GROOMING.MEMBER_TAG (MEMBER_NO,TAG_NO) values ('M00013','TAG00001');
Insert into GROOMING.MEMBER_TAG (MEMBER_NO,TAG_NO) values ('M00014','TAG00001');
Insert into GROOMING.MEMBER_TAG (MEMBER_NO,TAG_NO) values ('M00015','TAG00001');
Insert into GROOMING.MEMBER_TAG (MEMBER_NO,TAG_NO) values ('M00016','TAG00001');
Insert into GROOMING.MEMBER_TAG (MEMBER_NO,TAG_NO) values ('M00017','TAG00001');
Insert into GROOMING.MEMBER_TAG (MEMBER_NO,TAG_NO) values ('M00018','TAG00001');
Insert into GROOMING.MEMBER_TAG (MEMBER_NO,TAG_NO) values ('M00019','TAG00001');
Insert into GROOMING.MEMBER_TAG (MEMBER_NO,TAG_NO) values ('M00020','TAG00001');
Insert into GROOMING.MEMBER_TAG (MEMBER_NO,TAG_NO) values ('M00021','TAG00001');
Insert into GROOMING.MEMBER_TAG (MEMBER_NO,TAG_NO) values ('M00022','TAG00001');
Insert into GROOMING.MEMBER_TAG (MEMBER_NO,TAG_NO) values ('M00023','TAG00001');
Insert into GROOMING.MEMBER_TAG (MEMBER_NO,TAG_NO) values ('M00024','TAG00001');
Insert into GROOMING.MEMBER_TAG (MEMBER_NO,TAG_NO) values ('M00025','TAG00001');

--------------------------------------------------------
Insert into GROOMING.GBOARD (G_BOARD_NO,GROOMING_MEMBER_NO,G_BOARD_CATEGORY,G_BOARD_TITLE,G_BOARD_CONTENT,G_BOARD_VIEW_COUNT,G_BOARD_CREATE_DATE,G_BOARD_MODIFY_DATE,G_BOARD_IMG) values ('GB01001','GM00005','공지','코로나 지금 2단계 되었네요 ㅠㅠ ','몸관리 잘하시고 당분간은 zoom으로 만나던지 카톡으로 서로 모르는 것 질문하는 방식으로 해야겠네요 ㅠㅠ',5,to_date('20/09/01','RR/MM/DD'),to_date('20/09/12','RR/MM/DD'),null);
Insert into GROOMING.GBOARD (G_BOARD_NO,GROOMING_MEMBER_NO,G_BOARD_CATEGORY,G_BOARD_TITLE,G_BOARD_CONTENT,G_BOARD_VIEW_COUNT,G_BOARD_CREATE_DATE,G_BOARD_MODIFY_DATE,G_BOARD_IMG) values ('GB01002','GM00005','공지','출석 시간 준수!','요즘 따라 출석률이 낮으신 분들이 계신대요... 조금만 더 신경써주세요
몇 번 더 늦으시면 제명하는 수 밖에 없습니다.',3,to_date('20/08/10','RR/MM/DD'),to_date('20/09/12','RR/MM/DD'),'20200912174714.png');
Insert into GROOMING.GBOARD (G_BOARD_NO,GROOMING_MEMBER_NO,G_BOARD_CATEGORY,G_BOARD_TITLE,G_BOARD_CONTENT,G_BOARD_VIEW_COUNT,G_BOARD_CREATE_DATE,G_BOARD_MODIFY_DATE,G_BOARD_IMG) values ('GB01000','GM00005','공지','우리의 스터디 시작날이 얼마 남지않았어요 !!','우리의 출석 시간은 오전 10시부터에요.. 
다들 늦지 않게 참석해주세요 !!!!!!!!!!!',5,to_date('20/08/05','RR/MM/DD'),to_date('20/09/12','RR/MM/DD'),null);
Insert into GROOMING.GBOARD (G_BOARD_NO,GROOMING_MEMBER_NO,G_BOARD_CATEGORY,G_BOARD_TITLE,G_BOARD_CONTENT,G_BOARD_VIEW_COUNT,G_BOARD_CREATE_DATE,G_BOARD_MODIFY_DATE,G_BOARD_IMG) values ('GB01004','GM00024','자유','반갑습니다~!','미리 자기소개 할게요! 평택 사는 24살 권은진입니다. !!!!',5,to_date('20/08/01','RR/MM/DD'),to_date('20/09/12','RR/MM/DD'),null);
Insert into GROOMING.GBOARD (G_BOARD_NO,GROOMING_MEMBER_NO,G_BOARD_CATEGORY,G_BOARD_TITLE,G_BOARD_CONTENT,G_BOARD_VIEW_COUNT,G_BOARD_CREATE_DATE,G_BOARD_MODIFY_DATE,G_BOARD_IMG) values ('GB01005','GM00025','자유','처음뵙겠습니다. 파이팅','판교 사는 25살 강광산이라고 합니다. 다들 준비 잘해봐요',1,to_date('20/08/02','RR/MM/DD'),to_date('20/09/12','RR/MM/DD'),null);
Insert into GROOMING.GBOARD (G_BOARD_NO,GROOMING_MEMBER_NO,G_BOARD_CATEGORY,G_BOARD_TITLE,G_BOARD_CONTENT,G_BOARD_VIEW_COUNT,G_BOARD_CREATE_DATE,G_BOARD_MODIFY_DATE,G_BOARD_IMG) values ('GB01006
','GM00026','자유','스터디 그룹이 처음이에요 잘부탁드려요','이 사이트 되게 좋네요 ㅎㅎ 잘 모르니 서로 도와가며 준비해요 ㅎㅎㅎㅎㅎ',7,to_date('20/08/03','RR/MM/DD'),to_date('20/09/12','RR/MM/DD'),null);
Insert into GROOMING.GBOARD (G_BOARD_NO,GROOMING_MEMBER_NO,G_BOARD_CATEGORY,G_BOARD_TITLE,G_BOARD_CONTENT,G_BOARD_VIEW_COUNT,G_BOARD_CREATE_DATE,G_BOARD_MODIFY_DATE,G_BOARD_IMG) values ('GB01007','GM00027','자유','자기소개하겠습니다','서울 사는 26살 김성훈입니다. 쉬는 시간 마다 어몽어스도 하며 친해져요 ~',4,to_date('20/08/04','RR/MM/DD'),to_date('20/09/12','RR/MM/DD'),null);
Insert into GROOMING.GBOARD (G_BOARD_NO,GROOMING_MEMBER_NO,G_BOARD_CATEGORY,G_BOARD_TITLE,G_BOARD_CONTENT,G_BOARD_VIEW_COUNT,G_BOARD_CREATE_DATE,G_BOARD_MODIFY_DATE,G_BOARD_IMG) values ('GB01008','GM00001','자유','마지막으로 가입했습니다. 잘부탁합니다!','마지막으로 가입했으니 막둥이죠?? ㅎㅎㅎㅎ 잘 부탁드려요 꾸벅',8,to_date('20/08/01','RR/MM/DD'),to_date('20/09/12','RR/MM/DD'),null);
Insert into GROOMING.GBOARD (G_BOARD_NO,GROOMING_MEMBER_NO,G_BOARD_CATEGORY,G_BOARD_TITLE,G_BOARD_CONTENT,G_BOARD_VIEW_COUNT,G_BOARD_CREATE_DATE,G_BOARD_MODIFY_DATE,G_BOARD_IMG) values ('GB01009','GM00005','자유','모두 자기소개해주세요~','방장입니다. 저희 방은 서로가 서로를 존중하고 배려하는 방이 되었으면 좋겠어요. 항상 상대를 자신과 동등한 시선으로 봐주세요! 그럼 모두들 안뇽',2,to_date('20/08/01','RR/MM/DD'),to_date('20/09/12','RR/MM/DD'),null);
Insert into GROOMING.GBOARD (G_BOARD_NO,GROOMING_MEMBER_NO,G_BOARD_CATEGORY,G_BOARD_TITLE,G_BOARD_CONTENT,G_BOARD_VIEW_COUNT,G_BOARD_CREATE_DATE,G_BOARD_MODIFY_DATE,G_BOARD_IMG) values ('GB01010','GM00024','자유','오늘 스터디한 내용 중에 이해안되는 부분','128p 17-3번 문제에서 지폐 매수 알고리즘 있잔아요 .. 왜 ㄴ에 x/5000이 들어가는 걸까요 10000이지 않나요?? 보통 지폐가 만원부터 세지 아니구나 요즘은 50000원이구나 옛날 꺼라그런감',2,to_date('20/08/31','RR/MM/DD'),to_date('20/09/12','RR/MM/DD'),null);
Insert into GROOMING.GBOARD (G_BOARD_NO,GROOMING_MEMBER_NO,G_BOARD_CATEGORY,G_BOARD_TITLE,G_BOARD_CONTENT,G_BOARD_VIEW_COUNT,G_BOARD_CREATE_DATE,G_BOARD_MODIFY_DATE,G_BOARD_IMG) values ('GB01011','GM00025','자유','다들 카페에 만나서 하는건 어떠세요??','스터디 카페예약에서 카페 예약할 수 있던데 스터디룸 잡아서 하면 넷상에서는 좀 불편했던 점들이 해결될것 같아요. 다들 지역이 어디신지???',4,to_date('20/09/12','RR/MM/DD'),to_date('20/09/12','RR/MM/DD'),null);
Insert into GROOMING.GBOARD (G_BOARD_NO,GROOMING_MEMBER_NO,G_BOARD_CATEGORY,G_BOARD_TITLE,G_BOARD_CONTENT,G_BOARD_VIEW_COUNT,G_BOARD_CREATE_DATE,G_BOARD_MODIFY_DATE,G_BOARD_IMG) values ('GB01012','GM00026','자유','출석체크 확인해주세요.. 방장님...','나 8월 27일날 출석인데 지각 처리 되어있어요 ㅠㅠ 저 예치금 환불 좀 못받으면 울거에요 ㅡㅡ',3,to_date('20/09/04','RR/MM/DD'),to_date('20/09/12','RR/MM/DD'),null);
Insert into GROOMING.GBOARD (G_BOARD_NO,GROOMING_MEMBER_NO,G_BOARD_CATEGORY,G_BOARD_TITLE,G_BOARD_CONTENT,G_BOARD_VIEW_COUNT,G_BOARD_CREATE_DATE,G_BOARD_MODIFY_DATE,G_BOARD_IMG) values ('GB01013','GM00027','자유','태풍이 언제 끝날지 모르겠어요 조심해요 모두들!','무슨 메이플 전직도 아니고 몇차로 태풍이 오는 건지원... 미취업청년대상 긴급재난지원금 지원... 1박2일 은지원...',3,to_date('20/09/07','RR/MM/DD'),to_date('20/09/12','RR/MM/DD'),null);
Insert into GROOMING.GBOARD (G_BOARD_NO,GROOMING_MEMBER_NO,G_BOARD_CATEGORY,G_BOARD_TITLE,G_BOARD_CONTENT,G_BOARD_VIEW_COUNT,G_BOARD_CREATE_DATE,G_BOARD_MODIFY_DATE,G_BOARD_IMG) values ('GB01014','GM00001','자유','공부할 때 듣는 노래','공부할 때 집중 되는 노래들 있으신가요?? 저는 최근에 Roses라는 노래가 되게 좋더라구요, 시간 나실 때 들어보세요 굳굳굳이에요',13,to_date('20/09/12','RR/MM/DD'),to_date('20/09/12','RR/MM/DD'),null);
Insert into GROOMING.GBOARD (G_BOARD_NO,GROOMING_MEMBER_NO,G_BOARD_CATEGORY,G_BOARD_TITLE,G_BOARD_CONTENT,G_BOARD_VIEW_COUNT,G_BOARD_CREATE_DATE,G_BOARD_MODIFY_DATE,G_BOARD_IMG) values ('GB01015','GM00005','자유','오늘 제 생일이에요 축하해주세요 ㅎㅎ','ㅋㅋㅋㅋㅋㅋㅋㅋㅋ 노트랑 필기도구 떨어진건 안 비밀, 내 생일도 안 비밀 ㅎㅎ 장난이고 축하만 해주세요 ^^^^^^',5,to_date('20/09/05','RR/MM/DD'),to_date('20/09/12','RR/MM/DD'),null);
Insert into GROOMING.GBOARD (G_BOARD_NO,GROOMING_MEMBER_NO,G_BOARD_CATEGORY,G_BOARD_TITLE,G_BOARD_CONTENT,G_BOARD_VIEW_COUNT,G_BOARD_CREATE_DATE,G_BOARD_MODIFY_DATE,G_BOARD_IMG) values ('GB01016','GM00024','자유','뿌뿌뿌뿌뿌뿌뿌뿌뿌뿌 시작시작~','드디어 시작이네요 렛츠 겟잇!',3,to_date('20/08/10','RR/MM/DD'),to_date('20/09/12','RR/MM/DD'),null);
--------------------------------------------------------
Insert into GROOMING.GTAG (TAG_NO,GROOMING_NO) values ('TAG00001','G00001');
Insert into GROOMING.GTAG (TAG_NO,GROOMING_NO) values ('TAG00002','G00002');
Insert into GROOMING.GTAG (TAG_NO,GROOMING_NO) values ('TAG00003','G00003');
Insert into GROOMING.GTAG (TAG_NO,GROOMING_NO) values ('TAG00004','G00004');
Insert into GROOMING.GTAG (TAG_NO,GROOMING_NO) values ('TAG00005','G00005');
Insert into GROOMING.GTAG (TAG_NO,GROOMING_NO) values ('TAG00006','G00001');
Insert into GROOMING.GTAG (TAG_NO,GROOMING_NO) values ('TAG00007','G00002');
Insert into GROOMING.GTAG (TAG_NO,GROOMING_NO) values ('TAG00008','G00003');
Insert into GROOMING.GTAG (TAG_NO,GROOMING_NO) values ('TAG00009','G00004');
Insert into GROOMING.GTAG (TAG_NO,GROOMING_NO) values ('TAG00010','G00005');
Insert into GROOMING.GTAG (TAG_NO,GROOMING_NO) values ('TAG00011','G00001');
Insert into GROOMING.GTAG (TAG_NO,GROOMING_NO) values ('TAG00012','G00002');
Insert into GROOMING.GTAG (TAG_NO,GROOMING_NO) values ('TAG00010','G00006');
Insert into GROOMING.GTAG (TAG_NO,GROOMING_NO) values ('TAG00025','G00006');
Insert into GROOMING.GTAG (TAG_NO,GROOMING_NO) values ('TAG00029','G00006');
Insert into GROOMING.GTAG (TAG_NO,GROOMING_NO) values ('TAG00014','G00006');
Insert into GROOMING.GTAG (TAG_NO,GROOMING_NO) values ('TAG00016','G00007');
Insert into GROOMING.GTAG (TAG_NO,GROOMING_NO) values ('TAG00017','G00007');
Insert into GROOMING.GTAG (TAG_NO,GROOMING_NO) values ('TAG00018','G00007');
Insert into GROOMING.GTAG (TAG_NO,GROOMING_NO) values ('TAG00019','G00007');
Insert into GROOMING.GTAG (TAG_NO,GROOMING_NO) values ('TAG00020','G00008');
Insert into GROOMING.GTAG (TAG_NO,GROOMING_NO) values ('TAG00021','G00008');
Insert into GROOMING.GTAG (TAG_NO,GROOMING_NO) values ('TAG00034','G00008');
Insert into GROOMING.GTAG (TAG_NO,GROOMING_NO) values ('TAG00020','G00009');
Insert into GROOMING.GTAG (TAG_NO,GROOMING_NO) values ('TAG00021','G00009');
Insert into GROOMING.GTAG (TAG_NO,GROOMING_NO) values ('TAG00022','G00010');
Insert into GROOMING.GTAG (TAG_NO,GROOMING_NO) values ('TAG00023','G00011');
Insert into GROOMING.GTAG (TAG_NO,GROOMING_NO) values ('TAG00024','G00011');
Insert into GROOMING.GTAG (TAG_NO,GROOMING_NO) values ('TAG00025','G00011');
Insert into GROOMING.GTAG (TAG_NO,GROOMING_NO) values ('TAG00027','G00011');
Insert into GROOMING.GTAG (TAG_NO,GROOMING_NO) values ('TAG00029','G00011');
Insert into GROOMING.GTAG (TAG_NO,GROOMING_NO) values ('TAG00029','G00012');
Insert into GROOMING.GTAG (TAG_NO,GROOMING_NO) values ('TAG00031','G00012');
Insert into GROOMING.GTAG (TAG_NO,GROOMING_NO) values ('TAG00032','G00013');
Insert into GROOMING.GTAG (TAG_NO,GROOMING_NO) values ('TAG00033','G00013');
Insert into GROOMING.GTAG (TAG_NO,GROOMING_NO) values ('TAG00034','G00013');
Insert into GROOMING.GTAG (TAG_NO,GROOMING_NO) values ('TAG00035','G00013');
Insert into GROOMING.GTAG (TAG_NO,GROOMING_NO) values ('TAG00036','G00013');
Insert into GROOMING.GTAG (TAG_NO,GROOMING_NO) values ('TAG00034','G00014');
Insert into GROOMING.GTAG (TAG_NO,GROOMING_NO) values ('TAG00035','G00014');
Insert into GROOMING.GTAG (TAG_NO,GROOMING_NO) values ('TAG00036','G00014');
Insert into GROOMING.GTAG (TAG_NO,GROOMING_NO) values ('TAG00037','G00015');
Insert into GROOMING.GTAG (TAG_NO,GROOMING_NO) values ('TAG00038','G00015');
Insert into GROOMING.GTAG (TAG_NO,GROOMING_NO) values ('TAG00039','G00016');
Insert into GROOMING.GTAG (TAG_NO,GROOMING_NO) values ('TAG00040','G00016');
Insert into GROOMING.GTAG (TAG_NO,GROOMING_NO) values ('TAG00041','G00016');
Insert into GROOMING.GTAG (TAG_NO,GROOMING_NO) values ('TAG00042','G00017');
Insert into GROOMING.GTAG (TAG_NO,GROOMING_NO) values ('TAG00043','G00017');
Insert into GROOMING.GTAG (TAG_NO,GROOMING_NO) values ('TAG00044','G00017');
Insert into GROOMING.GTAG (TAG_NO,GROOMING_NO) values ('TAG00045','G00017');
Insert into GROOMING.GTAG (TAG_NO,GROOMING_NO) values ('TAG00046','G00018');
Insert into GROOMING.GTAG (TAG_NO,GROOMING_NO) values ('TAG00047','G00018');
Insert into GROOMING.GTAG (TAG_NO,GROOMING_NO) values ('TAG00048','G00018');
Insert into GROOMING.GTAG (TAG_NO,GROOMING_NO) values ('TAG00049','G01002');
Insert into GROOMING.GTAG (TAG_NO,GROOMING_NO) values ('TAG00050','G01002');
Insert into GROOMING.GTAG (TAG_NO,GROOMING_NO) values ('TAG0001','G01003');
Insert into GROOMING.GTAG (TAG_NO,GROOMING_NO) values ('TAG00009','G01003');
Insert into GROOMING.GTAG (TAG_NO,GROOMING_NO) values ('TAG00010','G01004');
Insert into GROOMING.GTAG (TAG_NO,GROOMING_NO) values ('TAG00011','G01004');
Insert into GROOMING.GTAG (TAG_NO,GROOMING_NO) values ('TAG00012','G01004');
Insert into GROOMING.GTAG (TAG_NO,GROOMING_NO) values ('TAG00010','G01006');
Insert into GROOMING.GTAG (TAG_NO,GROOMING_NO) values ('TAG00025','G01006');
Insert into GROOMING.GTAG (TAG_NO,GROOMING_NO) values ('TAG00029','G01006');

--------------------------------------------------------
Insert into GROOMING.G_REPLY (G_REPLY_NO,G_BOARD_NO,GROOMING_MEMBER_NO,G_REPLY_CONTENT,G_REPLY_CAEATE_DATE) values ('GBR00001','GB01004','GM00001','G허허허허허하하',to_date('20/08/06','RR/MM/DD'));
Insert into GROOMING.G_REPLY (G_REPLY_NO,G_BOARD_NO,GROOMING_MEMBER_NO,G_REPLY_CONTENT,G_REPLY_CAEATE_DATE) values ('GBR00002','GB01004','GM00005','하하하?하하하하',to_date('20/08/06','RR/MM/DD'));

--------------------------------------------------------
INSERT INTO GROOMING.HELP_CATEGORY (HCATEGORY_NO, HCATEGORY_NAME) VALUES ('HC00001', '계정');
INSERT INTO GROOMING.HELP_CATEGORY (HCATEGORY_NO, HCATEGORY_NAME) VALUES ('HC00002', '그루밍');
INSERT INTO GROOMING.HELP_CATEGORY (HCATEGORY_NO, HCATEGORY_NAME) VALUES ('HC00003', '커뮤니티');
INSERT INTO GROOMING.HELP_CATEGORY (HCATEGORY_NO, HCATEGORY_NAME) VALUES ('HC00004', '스터디카페');
INSERT INTO GROOMING.HELP_CATEGORY (HCATEGORY_NO, HCATEGORY_NAME) VALUES ('HC00005', '맨토');
INSERT INTO GROOMING.HELP_CATEGORY (HCATEGORY_NO, HCATEGORY_NAME) VALUES ('HC00006', '환불');

--------------------------------------------------------


COMMIT;
